#
# There is insufficient memory for the Java Runtime Environment to continue.
# Native memory allocation (malloc) failed to allocate 15023448 bytes. Error detail: Chunk::new
# Possible reasons:
#   The system is out of physical RAM or swap space
#   This process is running with CompressedOops enabled, and the Java Heap may be blocking the growth of the native heap
# Possible solutions:
#   Reduce memory load on the system
#   Increase physical memory or swap space
#   Check if swap backing store is full
#   Decrease Java heap size (-Xmx/-Xms)
#   Decrease number of Java threads
#   Decrease Java thread stack sizes (-Xss)
#   Set larger code cache with -XX:ReservedCodeCacheSize=
#   JVM is running with Zero Based Compressed Oops mode in which the Java heap is
#     placed in the first 32GB address space. The Java Heap base address is the
#     maximum limit for the native heap growth. Please use -XX:HeapBaseMinAddress
#     to set the Java Heap base and to place the Java Heap above 32GB virtual address.
# This output file may be truncated or incomplete.
#
#  Out of Memory Error (arena.cpp:186), pid=10272, tid=2240
#
# JRE version: OpenJDK Runtime Environment (25.0.2) (build 25.0.2+-15348964-b329.117)
# Java VM: OpenJDK 64-Bit Server VM (25.0.2+-15348964-b329.117, mixed mode, tiered, compressed oops, compressed class ptrs, g1 gc, windows-amd64)
# No core dump will be written. Minidumps are not enabled by default on client versions of Windows
#

---------------  S U M M A R Y ------------

Command Line: org.jetbrains.kotlin.cli.jvm.K2JVMCompiler @C:\Users\user\Downloads\ScheduleApp\app\build\20260814_15104843286591434031.compiler.options

Host: AMD Ryzen 5 5600X 6-Core Processor             , 12 cores, 15G,  Windows 10 , 64 bit Build 19041 (10.0.19041.5915)
Time: Fri Aug 14 14:52:26 2026 elapsed time: 23.973531 seconds (0d 0h 0m 23s)

---------------  T H R E A D  ---------------

Current thread (0x0000023886b36ff0):  JavaThread "C2 CompilerThread0" daemon [_thread_in_native, id=2240, stack(0x00000042acd00000,0x00000042ace00000) (1024K)]


Current CompileTask:
C2:23973 27186       4       org.jetbrains.kotlin.codegen.inline.MethodInliner::markPlacesForInlineAndRemoveInlinable (1330 bytes)

Stack: [0x00000042acd00000,0x00000042ace00000]
Native frames: (J=compiled Java code, j=interpreted, Vv=VM code, C=native code)
V  [jvm.dll+0x7bd439]  (no source info available)
V  [jvm.dll+0x78763d]  (no source info available)
V  [jvm.dll+0xa0c885]  (no source info available)
V  [jvm.dll+0xa0ef04]  (no source info available)
V  [jvm.dll+0xa0f603]  (no source info available)
V  [jvm.dll+0x309bf6]  (no source info available)
V  [jvm.dll+0x10ea69]  (no source info available)
V  [jvm.dll+0x10ed92]  (no source info available)
V  [jvm.dll+0x1a9837]  (no source info available)
V  [jvm.dll+0x3bec92]  (no source info available)
V  [jvm.dll+0x7c2cb7]  (no source info available)
V  [jvm.dll+0x2ce046]  (no source info available)
V  [jvm.dll+0x2cd221]  (no source info available)
V  [jvm.dll+0x242ffa]  (no source info available)
V  [jvm.dll+0x2dcc05]  (no source info available)
V  [jvm.dll+0x2dae06]  (no source info available)
V  [jvm.dll+0x49b59e]  (no source info available)
V  [jvm.dll+0x9ab9c8]  (no source info available)
V  [jvm.dll+0x7bb985]  (no source info available)
C  [ucrtbase.dll+0x21bb2]  (no source info available)
C  [KERNEL32.DLL+0x17374]  (no source info available)
C  [ntdll.dll+0x4cc91]  (no source info available)

Lock stack of current Java thread (top to bottom):


---------------  P R O C E S S  ---------------

Threads class SMR info:
_java_thread_list=0x0000023891d27c40, length=12, elements={
0x00000238ea0de5b0, 0x0000023886afbf90, 0x0000023886b29cd0, 0x0000023886b02c90,
0x0000023886b07470, 0x0000023886b08030, 0x0000023886b0ac00, 0x0000023886b0f3d0,
0x0000023886b36ff0, 0x0000023886b3acc0, 0x000002388b16d800, 0x00000238919a5150
}

Java Threads: ( => current thread )
  0x00000238ea0de5b0 JavaThread "main"                              [_thread_in_Java, id=18508, stack(0x00000042abe00000,0x00000042abf00000) (1024K)]
  0x0000023886afbf90 JavaThread "Common-Cleaner"             daemon [_thread_blocked, id=10096, stack(0x00000042ac600000,0x00000042ac700000) (1024K)]
  0x0000023886b29cd0 JavaThread "Reference Handler"          daemon [_thread_blocked, id=20284, stack(0x00000042ac700000,0x00000042ac800000) (1024K)]
  0x0000023886b02c90 JavaThread "Finalizer"                  daemon [_thread_blocked, id=20184, stack(0x00000042ac800000,0x00000042ac900000) (1024K)]
  0x0000023886b07470 JavaThread "Signal Dispatcher"          daemon [_thread_blocked, id=8848, stack(0x00000042ac900000,0x00000042aca00000) (1024K)]
  0x0000023886b08030 JavaThread "Attach Listener"            daemon [_thread_blocked, id=6792, stack(0x00000042aca00000,0x00000042acb00000) (1024K)]
  0x0000023886b0ac00 JavaThread "Service Thread"             daemon [_thread_blocked, id=2124, stack(0x00000042acb00000,0x00000042acc00000) (1024K)]
  0x0000023886b0f3d0 JavaThread "Monitor Deflation Thread"   daemon [_thread_blocked, id=13948, stack(0x00000042acc00000,0x00000042acd00000) (1024K)]
=>0x0000023886b36ff0 JavaThread "C2 CompilerThread0"         daemon [_thread_in_native, id=2240, stack(0x00000042acd00000,0x00000042ace00000) (1024K)]
  0x0000023886b3acc0 JavaThread "C1 CompilerThread0"         daemon [_thread_blocked, id=15208, stack(0x00000042ace00000,0x00000042acf00000) (1024K)]
  0x000002388b16d800 JavaThread "Notification Thread"        daemon [_thread_blocked, id=12616, stack(0x00000042acf00000,0x00000042ad000000) (1024K)]
  0x00000238919a5150 JavaThread "C2 CompilerThread1"         daemon [_thread_in_native, id=3508, stack(0x00000042ada00000,0x00000042adb00000) (1024K)]
Total: 12

Other Threads:
  0x0000023886ab2870 VMThread "VM Thread"                           [id=11120, stack(0x00000042ac500000,0x00000042ac600000) (1024K)]
  0x0000023886a8efb0 WatcherThread "VM Periodic Task Thread"        [id=12120, stack(0x00000042ac400000,0x00000042ac500000) (1024K)]
  0x00000238ec41a700 WorkerThread "GC Thread#0"                     [id=2040, stack(0x00000042abf00000,0x00000042ac000000) (1024K)]
  0x000002388be31b20 WorkerThread "GC Thread#1"                     [id=3244, stack(0x00000042ad000000,0x00000042ad100000) (1024K)]
  0x000002388be31f50 WorkerThread "GC Thread#2"                     [id=9496, stack(0x00000042ad100000,0x00000042ad200000) (1024K)]
  0x000002388be2bf40 WorkerThread "GC Thread#3"                     [id=8908, stack(0x00000042ad200000,0x00000042ad300000) (1024K)]
  0x000002388be8e180 WorkerThread "GC Thread#4"                     [id=18604, stack(0x00000042ad300000,0x00000042ad400000) (1024K)]
  0x000002388be8cbf0 WorkerThread "GC Thread#5"                     [id=13980, stack(0x00000042ad400000,0x00000042ad500000) (1024K)]
  0x000002388be8c7a0 WorkerThread "GC Thread#6"                     [id=13484, stack(0x00000042ad500000,0x00000042ad600000) (1024K)]
  0x000002388be8b210 WorkerThread "GC Thread#7"                     [id=21904, stack(0x00000042ad600000,0x00000042ad700000) (1024K)]
  0x000002388be8d8e0 WorkerThread "GC Thread#8"                     [id=18316, stack(0x00000042ad700000,0x00000042ad800000) (1024K)]
  0x000002388be8adc0 WorkerThread "GC Thread#9"                     [id=2428, stack(0x00000042adc00000,0x00000042add00000) (1024K)]
  0x00000238ec433780 ConcurrentGCThread "G1 Main Marker"            [id=6384, stack(0x00000042ac000000,0x00000042ac100000) (1024K)]
  0x00000238ec436ad0 WorkerThread "G1 Conc#0"                       [id=7188, stack(0x00000042ac100000,0x00000042ac200000) (1024K)]
  0x000002388be8bab0 WorkerThread "G1 Conc#1"                       [id=12272, stack(0x00000042ad800000,0x00000042ad900000) (1024K)]
  0x000002388be8dd30 WorkerThread "G1 Conc#2"                       [id=21976, stack(0x00000042ad900000,0x00000042ada00000) (1024K)]
  0x0000023886960520 ConcurrentGCThread "G1 Refine#0"               [id=17900, stack(0x00000042ac200000,0x00000042ac300000) (1024K)]
  0x0000023886960f30 ConcurrentGCThread "G1 Service"                [id=23148, stack(0x00000042ac300000,0x00000042ac400000) (1024K)]
Total: 18

Threads with active compile tasks:
C2 CompilerThread0  24093 27186       4       org.jetbrains.kotlin.codegen.inline.MethodInliner::markPlacesForInlineAndRemoveInlinable (1330 bytes)
C2 CompilerThread1  24093 27245       4       org.jetbrains.kotlin.codegen.optimization.DeadCodeEliminationMethodTransformer::transform (116 bytes)
Total: 2

VM state: not at safepoint (normal execution)

VM Mutex/Monitor currently owned by a thread: None

Heap address: 0x0000000701200000, size: 4078 MB, Compressed Oops mode: Zero based, Oop shift amount: 3

CDS archive(s) not mapped
Compressed class space mapped at: 0x000000008d000000-0x00000000cd000000, reserved size: 1073741824
UseCompressedClassPointers 1, UseCompactObjectHeaders 0
Narrow klass pointer bits 32, Max shift 3
Narrow klass base: 0x0000000000000000, Narrow klass shift: 0
Encoding Range: [0x0000000000000000 - 0x0000000100000000), (4294967296 bytes)
Klass Range:    [0x000000008d000000 - 0x00000000cd000000), (1073741824 bytes)
Klass ID Range:  [2365587456 - 3439329273) (1073741817)
No protection zone.

GC Precious Log:
 CardTable entry size: 512
 Card Set container configuration: InlinePtr #cards 4 size 8 Array Of Cards #cards 16 size 48 Howl #buckets 8 coarsen threshold 3686 Howl Bitmap #cards 512 size 80 coarsen threshold 460 Card regions per heap region 1 cards per card region 4096
 CPUs: 12 total, 12 available
 Memory: 16307M
 Large Page Support: Disabled
 NUMA Support: Disabled
 Compressed Oops: Enabled (Zero based)
 Heap Region Size: 2M
 Heap Min Capacity: 8M
 Heap Initial Capacity: 256M
 Heap Max Capacity: 4078M
 Pre-touch: Disabled
 Parallel Workers: 10
 Concurrent Workers: 3
 Concurrent Refinement Workers: 10
 Periodic GC: Disabled

Heap:
 garbage-first heap   total reserved 4175872K, committed 724992K, used 534469K [0x0000000701200000, 0x0000000800000000)
  region size 2048K, 123 young (251904K), 6 survivors (12288K)

Heap Regions: E=young(eden), S=young(survivor), O=old, HS=humongous(starts), HC=humongous(continues), CS=collection set, F=free, TAMS=top-at-mark-start, PB=parsable bottom
|   0|0x0000000701200000, 0x0000000701400000, 0x0000000701400000|100%|HS|  |TAMS 0x0000000701200000| PB 0x0000000701200000| Complete |  0
|   1|0x0000000701400000, 0x0000000701600000, 0x0000000701600000|100%|HC|  |TAMS 0x0000000701400000| PB 0x0000000701400000| Complete |  0
|   2|0x0000000701600000, 0x0000000701800000, 0x0000000701800000|100%| O|  |TAMS 0x0000000701600000| PB 0x0000000701600000| Untracked |  0
|   3|0x0000000701800000, 0x0000000701a00000, 0x0000000701a00000|100%| O|  |TAMS 0x0000000701800000| PB 0x0000000701800000| Untracked |  0
|   4|0x0000000701a00000, 0x0000000701c00000, 0x0000000701c00000|100%| O|  |TAMS 0x0000000701a00000| PB 0x0000000701a00000| Untracked |  0
|   5|0x0000000701c00000, 0x0000000701e00000, 0x0000000701e00000|100%| O|  |TAMS 0x0000000701c00000| PB 0x0000000701c00000| Untracked |  0
|   6|0x0000000701e00000, 0x0000000702000000, 0x0000000702000000|100%| O|  |TAMS 0x0000000701e00000| PB 0x0000000701e00000| Untracked |  0
|   7|0x0000000702000000, 0x0000000702200000, 0x0000000702200000|100%| O|  |TAMS 0x0000000702000000| PB 0x0000000702000000| Untracked |  0
|   8|0x0000000702200000, 0x0000000702400000, 0x0000000702400000|100%| O|  |TAMS 0x0000000702200000| PB 0x0000000702200000| Untracked |  0
|   9|0x0000000702400000, 0x0000000702600000, 0x0000000702600000|100%| O|  |TAMS 0x0000000702400000| PB 0x0000000702400000| Untracked |  0
|  10|0x0000000702600000, 0x0000000702800000, 0x0000000702800000|100%|HS|  |TAMS 0x0000000702600000| PB 0x0000000702600000| Complete |  0
|  11|0x0000000702800000, 0x0000000702a00000, 0x0000000702a00000|100%| O|  |TAMS 0x0000000702800000| PB 0x0000000702800000| Untracked |  0
|  12|0x0000000702a00000, 0x0000000702c00000, 0x0000000702c00000|100%| O|  |TAMS 0x0000000702a00000| PB 0x0000000702a00000| Untracked |  0
|  13|0x0000000702c00000, 0x0000000702e00000, 0x0000000702e00000|100%| O|  |TAMS 0x0000000702c00000| PB 0x0000000702c00000| Untracked |  0
|  14|0x0000000702e00000, 0x0000000703000000, 0x0000000703000000|100%| O|  |TAMS 0x0000000702e00000| PB 0x0000000702e00000| Untracked |  0
|  15|0x0000000703000000, 0x0000000703200000, 0x0000000703200000|100%| O|  |TAMS 0x0000000703000000| PB 0x0000000703000000| Untracked |  0
|  16|0x0000000703200000, 0x0000000703400000, 0x0000000703400000|100%| O|  |TAMS 0x0000000703200000| PB 0x0000000703200000| Untracked |  0
|  17|0x0000000703400000, 0x0000000703600000, 0x0000000703600000|100%| O|  |TAMS 0x0000000703400000| PB 0x0000000703400000| Untracked |  0
|  18|0x0000000703600000, 0x0000000703800000, 0x0000000703800000|100%| O|  |TAMS 0x0000000703600000| PB 0x0000000703600000| Untracked |  0
|  19|0x0000000703800000, 0x0000000703a00000, 0x0000000703a00000|100%| O|  |TAMS 0x0000000703800000| PB 0x0000000703800000| Untracked |  0
|  20|0x0000000703a00000, 0x0000000703c00000, 0x0000000703c00000|100%| O|  |TAMS 0x0000000703a00000| PB 0x0000000703a00000| Untracked |  0
|  21|0x0000000703c00000, 0x0000000703e00000, 0x0000000703e00000|100%| O|  |TAMS 0x0000000703c00000| PB 0x0000000703c00000| Untracked |  0
|  22|0x0000000703e00000, 0x0000000704000000, 0x0000000704000000|100%| O|  |TAMS 0x0000000703e00000| PB 0x0000000703e00000| Untracked |  0
|  23|0x0000000704000000, 0x0000000704200000, 0x0000000704200000|100%| O|  |TAMS 0x0000000704000000| PB 0x0000000704000000| Untracked |  0
|  24|0x0000000704200000, 0x0000000704400000, 0x0000000704400000|100%| O|  |TAMS 0x0000000704200000| PB 0x0000000704200000| Untracked |  0
|  25|0x0000000704400000, 0x0000000704600000, 0x0000000704600000|100%| O|  |TAMS 0x0000000704400000| PB 0x0000000704400000| Untracked |  0
|  26|0x0000000704600000, 0x0000000704800000, 0x0000000704800000|100%| O|  |TAMS 0x0000000704600000| PB 0x0000000704600000| Untracked |  0
|  27|0x0000000704800000, 0x0000000704a00000, 0x0000000704a00000|100%| O|  |TAMS 0x0000000704800000| PB 0x0000000704800000| Untracked |  0
|  28|0x0000000704a00000, 0x0000000704c00000, 0x0000000704c00000|100%| O|  |TAMS 0x0000000704a00000| PB 0x0000000704a00000| Untracked |  0
|  29|0x0000000704c00000, 0x0000000704e00000, 0x0000000704e00000|100%| O|  |TAMS 0x0000000704c00000| PB 0x0000000704c00000| Untracked |  0
|  30|0x0000000704e00000, 0x0000000705000000, 0x0000000705000000|100%| O|  |TAMS 0x0000000704e00000| PB 0x0000000704e00000| Untracked |  0
|  31|0x0000000705000000, 0x0000000705200000, 0x0000000705200000|100%| O|  |TAMS 0x0000000705000000| PB 0x0000000705000000| Untracked |  0
|  32|0x0000000705200000, 0x0000000705400000, 0x0000000705400000|100%| O|  |TAMS 0x0000000705200000| PB 0x0000000705200000| Untracked |  0
|  33|0x0000000705400000, 0x0000000705600000, 0x0000000705600000|100%| O|  |TAMS 0x0000000705400000| PB 0x0000000705400000| Untracked |  0
|  34|0x0000000705600000, 0x0000000705800000, 0x0000000705800000|100%| O|  |TAMS 0x0000000705600000| PB 0x0000000705600000| Untracked |  0
|  35|0x0000000705800000, 0x0000000705a00000, 0x0000000705a00000|100%| O|  |TAMS 0x0000000705800000| PB 0x0000000705800000| Untracked |  0
|  36|0x0000000705a00000, 0x0000000705c00000, 0x0000000705c00000|100%| O|  |TAMS 0x0000000705a00000| PB 0x0000000705a00000| Untracked |  0
|  37|0x0000000705c00000, 0x0000000705e00000, 0x0000000705e00000|100%| O|  |TAMS 0x0000000705c00000| PB 0x0000000705c00000| Untracked |  0
|  38|0x0000000705e00000, 0x0000000706000000, 0x0000000706000000|100%| O|  |TAMS 0x0000000705e00000| PB 0x0000000705e00000| Untracked |  0
|  39|0x0000000706000000, 0x0000000706200000, 0x0000000706200000|100%| O|  |TAMS 0x0000000706000000| PB 0x0000000706000000| Untracked |  0
|  40|0x0000000706200000, 0x0000000706400000, 0x0000000706400000|100%| O|  |TAMS 0x0000000706200000| PB 0x0000000706200000| Untracked |  0
|  41|0x0000000706400000, 0x0000000706600000, 0x0000000706600000|100%| O|  |TAMS 0x0000000706400000| PB 0x0000000706400000| Untracked |  0
|  42|0x0000000706600000, 0x0000000706800000, 0x0000000706800000|100%| O|  |TAMS 0x0000000706600000| PB 0x0000000706600000| Untracked |  0
|  43|0x0000000706800000, 0x0000000706a00000, 0x0000000706a00000|100%| O|  |TAMS 0x0000000706800000| PB 0x0000000706800000| Untracked |  0
|  44|0x0000000706a00000, 0x0000000706c00000, 0x0000000706c00000|100%| O|  |TAMS 0x0000000706a00000| PB 0x0000000706a00000| Untracked |  0
|  45|0x0000000706c00000, 0x0000000706e00000, 0x0000000706e00000|100%| O|  |TAMS 0x0000000706c00000| PB 0x0000000706c00000| Untracked |  0
|  46|0x0000000706e00000, 0x0000000707000000, 0x0000000707000000|100%| O|  |TAMS 0x0000000706e00000| PB 0x0000000706e00000| Untracked |  0
|  47|0x0000000707000000, 0x0000000707000000, 0x0000000707200000|  0%| F|  |TAMS 0x0000000707000000| PB 0x0000000707000000| Untracked |  0
|  48|0x0000000707200000, 0x0000000707400000, 0x0000000707400000|100%| O|  |TAMS 0x0000000707200000| PB 0x0000000707200000| Untracked |  0
|  49|0x0000000707400000, 0x0000000707600000, 0x0000000707600000|100%| O|  |TAMS 0x0000000707400000| PB 0x0000000707400000| Untracked |  0
|  50|0x0000000707600000, 0x0000000707800000, 0x0000000707800000|100%| O|  |TAMS 0x0000000707600000| PB 0x0000000707600000| Untracked |  0
|  51|0x0000000707800000, 0x0000000707a00000, 0x0000000707a00000|100%| O|  |TAMS 0x0000000707800000| PB 0x0000000707800000| Untracked |  0
|  52|0x0000000707a00000, 0x0000000707c00000, 0x0000000707c00000|100%| O|  |TAMS 0x0000000707a00000| PB 0x0000000707a00000| Untracked |  0
|  53|0x0000000707c00000, 0x0000000707e00000, 0x0000000707e00000|100%| O|  |TAMS 0x0000000707c00000| PB 0x0000000707c00000| Untracked |  0
|  54|0x0000000707e00000, 0x0000000708000000, 0x0000000708000000|100%| O|  |TAMS 0x0000000707e00000| PB 0x0000000707e00000| Untracked |  0
|  55|0x0000000708000000, 0x0000000708200000, 0x0000000708200000|100%| O|  |TAMS 0x0000000708000000| PB 0x0000000708000000| Untracked |  0
|  56|0x0000000708200000, 0x0000000708400000, 0x0000000708400000|100%| O|  |TAMS 0x0000000708200000| PB 0x0000000708200000| Untracked |  0
|  57|0x0000000708400000, 0x0000000708600000, 0x0000000708600000|100%| O|  |TAMS 0x0000000708400000| PB 0x0000000708400000| Untracked |  0
|  58|0x0000000708600000, 0x0000000708800000, 0x0000000708800000|100%| O|  |TAMS 0x0000000708600000| PB 0x0000000708600000| Untracked |  0
|  59|0x0000000708800000, 0x0000000708a00000, 0x0000000708a00000|100%| O|  |TAMS 0x0000000708800000| PB 0x0000000708800000| Untracked |  0
|  60|0x0000000708a00000, 0x0000000708c00000, 0x0000000708c00000|100%| O|  |TAMS 0x0000000708a00000| PB 0x0000000708a00000| Untracked |  0
|  61|0x0000000708c00000, 0x0000000708e00000, 0x0000000708e00000|100%| O|  |TAMS 0x0000000708c00000| PB 0x0000000708c00000| Untracked |  0
|  62|0x0000000708e00000, 0x0000000709000000, 0x0000000709000000|100%| O|  |TAMS 0x0000000708e00000| PB 0x0000000708e00000| Untracked |  0
|  63|0x0000000709000000, 0x0000000709200000, 0x0000000709200000|100%| O|  |TAMS 0x0000000709000000| PB 0x0000000709000000| Untracked |  0
|  64|0x0000000709200000, 0x0000000709400000, 0x0000000709400000|100%| O|  |TAMS 0x0000000709200000| PB 0x0000000709200000| Untracked |  0
|  65|0x0000000709400000, 0x0000000709600000, 0x0000000709600000|100%| O|  |TAMS 0x0000000709400000| PB 0x0000000709400000| Untracked |  0
|  66|0x0000000709600000, 0x0000000709800000, 0x0000000709800000|100%| O|  |TAMS 0x0000000709600000| PB 0x0000000709600000| Untracked |  0
|  67|0x0000000709800000, 0x0000000709a00000, 0x0000000709a00000|100%| O|  |TAMS 0x0000000709800000| PB 0x0000000709800000| Untracked |  0
|  68|0x0000000709a00000, 0x0000000709c00000, 0x0000000709c00000|100%| O|  |TAMS 0x0000000709a00000| PB 0x0000000709a00000| Untracked |  0
|  69|0x0000000709c00000, 0x0000000709e00000, 0x0000000709e00000|100%| O|  |TAMS 0x0000000709c00000| PB 0x0000000709c00000| Untracked |  0
|  70|0x0000000709e00000, 0x000000070a000000, 0x000000070a000000|100%| O|  |TAMS 0x0000000709e00000| PB 0x0000000709e00000| Untracked |  0
|  71|0x000000070a000000, 0x000000070a200000, 0x000000070a200000|100%| O|  |TAMS 0x000000070a000000| PB 0x000000070a000000| Untracked |  0
|  72|0x000000070a200000, 0x000000070a400000, 0x000000070a400000|100%| O|  |TAMS 0x000000070a200000| PB 0x000000070a200000| Untracked |  0
|  73|0x000000070a400000, 0x000000070a600000, 0x000000070a600000|100%| O|  |TAMS 0x000000070a400000| PB 0x000000070a400000| Untracked |  0
|  74|0x000000070a600000, 0x000000070a800000, 0x000000070a800000|100%| O|  |TAMS 0x000000070a600000| PB 0x000000070a600000| Untracked |  0
|  75|0x000000070a800000, 0x000000070aa00000, 0x000000070aa00000|100%| O|  |TAMS 0x000000070a800000| PB 0x000000070a800000| Untracked |  0
|  76|0x000000070aa00000, 0x000000070ac00000, 0x000000070ac00000|100%| O|  |TAMS 0x000000070aa00000| PB 0x000000070aa00000| Untracked |  0
|  77|0x000000070ac00000, 0x000000070ae00000, 0x000000070ae00000|100%| O|  |TAMS 0x000000070ac00000| PB 0x000000070ac00000| Untracked |  0
|  78|0x000000070ae00000, 0x000000070b000000, 0x000000070b000000|100%| O|  |TAMS 0x000000070ae00000| PB 0x000000070ae00000| Untracked |  0
|  79|0x000000070b000000, 0x000000070b200000, 0x000000070b200000|100%| O|  |TAMS 0x000000070b000000| PB 0x000000070b000000| Untracked |  0
|  80|0x000000070b200000, 0x000000070b400000, 0x000000070b400000|100%| O|  |TAMS 0x000000070b200000| PB 0x000000070b200000| Untracked |  0
|  81|0x000000070b400000, 0x000000070b600000, 0x000000070b600000|100%| O|  |TAMS 0x000000070b400000| PB 0x000000070b400000| Untracked |  0
|  82|0x000000070b600000, 0x000000070b800000, 0x000000070b800000|100%| O|  |TAMS 0x000000070b600000| PB 0x000000070b600000| Untracked |  0
|  83|0x000000070b800000, 0x000000070ba00000, 0x000000070ba00000|100%| O|  |TAMS 0x000000070b800000| PB 0x000000070b800000| Untracked |  0
|  84|0x000000070ba00000, 0x000000070bc00000, 0x000000070bc00000|100%| O|  |TAMS 0x000000070ba00000| PB 0x000000070ba00000| Untracked |  0
|  85|0x000000070bc00000, 0x000000070be00000, 0x000000070be00000|100%| O|  |TAMS 0x000000070bc00000| PB 0x000000070bc00000| Untracked |  0
|  86|0x000000070be00000, 0x000000070c000000, 0x000000070c000000|100%| O|  |TAMS 0x000000070be00000| PB 0x000000070be00000| Untracked |  0
|  87|0x000000070c000000, 0x000000070c200000, 0x000000070c200000|100%| O|  |TAMS 0x000000070c000000| PB 0x000000070c000000| Untracked |  0
|  88|0x000000070c200000, 0x000000070c400000, 0x000000070c400000|100%| O|  |TAMS 0x000000070c200000| PB 0x000000070c200000| Untracked |  0
|  89|0x000000070c400000, 0x000000070c600000, 0x000000070c600000|100%| O|  |TAMS 0x000000070c400000| PB 0x000000070c400000| Untracked |  0
|  90|0x000000070c600000, 0x000000070c800000, 0x000000070c800000|100%| O|  |TAMS 0x000000070c600000| PB 0x000000070c600000| Untracked |  0
|  91|0x000000070c800000, 0x000000070c800000, 0x000000070ca00000|  0%| F|  |TAMS 0x000000070c800000| PB 0x000000070c800000| Untracked |  0
|  92|0x000000070ca00000, 0x000000070cc00000, 0x000000070cc00000|100%| O|  |TAMS 0x000000070ca00000| PB 0x000000070ca00000| Untracked |  0
|  93|0x000000070cc00000, 0x000000070ce00000, 0x000000070ce00000|100%| O|  |TAMS 0x000000070cc00000| PB 0x000000070cc00000| Untracked |  0
|  94|0x000000070ce00000, 0x000000070d000000, 0x000000070d000000|100%| O|  |TAMS 0x000000070ce00000| PB 0x000000070ce00000| Untracked |  0
|  95|0x000000070d000000, 0x000000070d200000, 0x000000070d200000|100%| O|  |TAMS 0x000000070d000000| PB 0x000000070d000000| Untracked |  0
|  96|0x000000070d200000, 0x000000070d400000, 0x000000070d400000|100%| O|  |TAMS 0x000000070d200000| PB 0x000000070d200000| Untracked |  0
|  97|0x000000070d400000, 0x000000070d600000, 0x000000070d600000|100%| O|  |TAMS 0x000000070d400000| PB 0x000000070d400000| Untracked |  0
|  98|0x000000070d600000, 0x000000070d800000, 0x000000070d800000|100%| O|  |TAMS 0x000000070d600000| PB 0x000000070d600000| Untracked |  0
|  99|0x000000070d800000, 0x000000070da00000, 0x000000070da00000|100%| O|  |TAMS 0x000000070d800000| PB 0x000000070d800000| Untracked |  0
| 100|0x000000070da00000, 0x000000070dc00000, 0x000000070dc00000|100%| O|  |TAMS 0x000000070da00000| PB 0x000000070da00000| Untracked |  0
| 101|0x000000070dc00000, 0x000000070de00000, 0x000000070de00000|100%| O|  |TAMS 0x000000070dc00000| PB 0x000000070dc00000| Untracked |  0
| 102|0x000000070de00000, 0x000000070e000000, 0x000000070e000000|100%| O|  |TAMS 0x000000070de00000| PB 0x000000070de00000| Untracked |  0
| 103|0x000000070e000000, 0x000000070e200000, 0x000000070e200000|100%| O|  |TAMS 0x000000070e000000| PB 0x000000070e000000| Untracked |  0
| 104|0x000000070e200000, 0x000000070e400000, 0x000000070e400000|100%| O|  |TAMS 0x000000070e200000| PB 0x000000070e200000| Untracked |  0
| 105|0x000000070e400000, 0x000000070e600000, 0x000000070e600000|100%| O|  |TAMS 0x000000070e400000| PB 0x000000070e400000| Untracked |  0
| 106|0x000000070e600000, 0x000000070e800000, 0x000000070e800000|100%| O|  |TAMS 0x000000070e600000| PB 0x000000070e600000| Untracked |  0
| 107|0x000000070e800000, 0x000000070ea00000, 0x000000070ea00000|100%| O|  |TAMS 0x000000070e800000| PB 0x000000070e800000| Untracked |  0
| 108|0x000000070ea00000, 0x000000070ec00000, 0x000000070ec00000|100%| O|  |TAMS 0x000000070ea00000| PB 0x000000070ea00000| Untracked |  0
| 109|0x000000070ec00000, 0x000000070ee00000, 0x000000070ee00000|100%| O|  |TAMS 0x000000070ec00000| PB 0x000000070ec00000| Untracked |  0
| 110|0x000000070ee00000, 0x000000070f000000, 0x000000070f000000|100%| O|  |TAMS 0x000000070ee00000| PB 0x000000070ee00000| Untracked |  0
| 111|0x000000070f000000, 0x000000070f200000, 0x000000070f200000|100%| O|  |TAMS 0x000000070f000000| PB 0x000000070f000000| Untracked |  0
| 112|0x000000070f200000, 0x000000070f400000, 0x000000070f400000|100%| O|  |TAMS 0x000000070f200000| PB 0x000000070f200000| Untracked |  0
| 113|0x000000070f400000, 0x000000070f600000, 0x000000070f600000|100%| O|  |TAMS 0x000000070f400000| PB 0x000000070f400000| Untracked |  0
| 114|0x000000070f600000, 0x000000070f800000, 0x000000070f800000|100%| O|  |TAMS 0x000000070f600000| PB 0x000000070f600000| Untracked |  0
| 115|0x000000070f800000, 0x000000070fa00000, 0x000000070fa00000|100%| O|  |TAMS 0x000000070f800000| PB 0x000000070f800000| Untracked |  0
| 116|0x000000070fa00000, 0x000000070fc00000, 0x000000070fc00000|100%| O|  |TAMS 0x000000070fa00000| PB 0x000000070fa00000| Untracked |  0
| 117|0x000000070fc00000, 0x000000070fe00000, 0x000000070fe00000|100%| O|  |TAMS 0x000000070fc00000| PB 0x000000070fc00000| Untracked |  0
| 118|0x000000070fe00000, 0x000000070fe00000, 0x0000000710000000|  0%| F|  |TAMS 0x000000070fe00000| PB 0x000000070fe00000| Untracked |  0
| 119|0x0000000710000000, 0x0000000710200000, 0x0000000710200000|100%| O|  |TAMS 0x0000000710000000| PB 0x0000000710000000| Untracked |  0
| 120|0x0000000710200000, 0x0000000710400000, 0x0000000710400000|100%| O|  |TAMS 0x0000000710200000| PB 0x0000000710200000| Untracked |  0
| 121|0x0000000710400000, 0x0000000710600000, 0x0000000710600000|100%| O|  |TAMS 0x0000000710400000| PB 0x0000000710400000| Untracked |  0
| 122|0x0000000710600000, 0x0000000710800000, 0x0000000710800000|100%| O|  |TAMS 0x0000000710600000| PB 0x0000000710600000| Untracked |  0
| 123|0x0000000710800000, 0x0000000710a00000, 0x0000000710a00000|100%| O|  |TAMS 0x0000000710800000| PB 0x0000000710800000| Untracked |  0
| 124|0x0000000710a00000, 0x0000000710c00000, 0x0000000710c00000|100%| O|  |TAMS 0x0000000710a00000| PB 0x0000000710a00000| Untracked |  0
| 125|0x0000000710c00000, 0x0000000710e00000, 0x0000000710e00000|100%| O|  |TAMS 0x0000000710c00000| PB 0x0000000710c00000| Untracked |  0
| 126|0x0000000710e00000, 0x0000000711000000, 0x0000000711000000|100%| O|  |TAMS 0x0000000710e00000| PB 0x0000000710e00000| Untracked |  0
| 127|0x0000000711000000, 0x0000000711200000, 0x0000000711200000|100%| O|  |TAMS 0x0000000711000000| PB 0x0000000711000000| Untracked |  0
| 128|0x0000000711200000, 0x0000000711200000, 0x0000000711400000|  0%| F|  |TAMS 0x0000000711200000| PB 0x0000000711200000| Untracked |  0
| 129|0x0000000711400000, 0x0000000711600000, 0x0000000711600000|100%| O|  |TAMS 0x0000000711400000| PB 0x0000000711400000| Untracked |  0
| 130|0x0000000711600000, 0x0000000711800000, 0x0000000711800000|100%| O|  |TAMS 0x0000000711600000| PB 0x0000000711600000| Untracked |  0
| 131|0x0000000711800000, 0x0000000711a00000, 0x0000000711a00000|100%| O|  |TAMS 0x0000000711800000| PB 0x0000000711800000| Untracked |  0
| 132|0x0000000711a00000, 0x0000000711c00000, 0x0000000711c00000|100%| O|  |TAMS 0x0000000711a00000| PB 0x0000000711a00000| Untracked |  0
| 133|0x0000000711c00000, 0x0000000711e00000, 0x0000000711e00000|100%| O|  |TAMS 0x0000000711c00000| PB 0x0000000711c00000| Untracked |  0
| 134|0x0000000711e00000, 0x0000000712000000, 0x0000000712000000|100%| O|  |TAMS 0x0000000711e00000| PB 0x0000000711e00000| Untracked |  0
| 135|0x0000000712000000, 0x0000000712200000, 0x0000000712200000|100%| O|  |TAMS 0x0000000712000000| PB 0x0000000712000000| Untracked |  0
| 136|0x0000000712200000, 0x0000000712400000, 0x0000000712400000|100%| O|  |TAMS 0x0000000712200000| PB 0x0000000712200000| Untracked |  0
| 137|0x0000000712400000, 0x0000000712600000, 0x0000000712600000|100%| O|  |TAMS 0x0000000712400000| PB 0x0000000712400000| Untracked |  0
| 138|0x0000000712600000, 0x0000000712800000, 0x0000000712800000|100%| O|  |TAMS 0x0000000712600000| PB 0x0000000712600000| Untracked |  0
| 139|0x0000000712800000, 0x00000007129f1460, 0x0000000712a00000| 97%| O|  |TAMS 0x0000000712800000| PB 0x0000000712800000| Untracked |  0
| 140|0x0000000712a00000, 0x0000000712a00000, 0x0000000712c00000|  0%| F|  |TAMS 0x0000000712a00000| PB 0x0000000712a00000| Untracked |  0
| 141|0x0000000712c00000, 0x0000000712c00000, 0x0000000712e00000|  0%| F|  |TAMS 0x0000000712c00000| PB 0x0000000712c00000| Untracked |  0
| 142|0x0000000712e00000, 0x0000000712e00000, 0x0000000713000000|  0%| F|  |TAMS 0x0000000712e00000| PB 0x0000000712e00000| Untracked |  0
| 143|0x0000000713000000, 0x0000000713000000, 0x0000000713200000|  0%| F|  |TAMS 0x0000000713000000| PB 0x0000000713000000| Untracked |  0
| 144|0x0000000713200000, 0x0000000713200000, 0x0000000713400000|  0%| F|  |TAMS 0x0000000713200000| PB 0x0000000713200000| Untracked |  0
| 145|0x0000000713400000, 0x0000000713400000, 0x0000000713600000|  0%| F|  |TAMS 0x0000000713400000| PB 0x0000000713400000| Untracked |  0
| 146|0x0000000713600000, 0x0000000713600000, 0x0000000713800000|  0%| F|  |TAMS 0x0000000713600000| PB 0x0000000713600000| Untracked |  0
| 147|0x0000000713800000, 0x0000000713800000, 0x0000000713a00000|  0%| F|  |TAMS 0x0000000713800000| PB 0x0000000713800000| Untracked |  0
| 148|0x0000000713a00000, 0x0000000713a00000, 0x0000000713c00000|  0%| F|  |TAMS 0x0000000713a00000| PB 0x0000000713a00000| Untracked |  0
| 149|0x0000000713c00000, 0x0000000713e00000, 0x0000000713e00000|100%| S|CS|TAMS 0x0000000713c00000| PB 0x0000000713c00000| Complete |  0
| 150|0x0000000713e00000, 0x0000000714000000, 0x0000000714000000|100%| S|CS|TAMS 0x0000000713e00000| PB 0x0000000713e00000| Complete |  0
| 151|0x0000000714000000, 0x0000000714200000, 0x0000000714200000|100%| S|CS|TAMS 0x0000000714000000| PB 0x0000000714000000| Complete |  0
| 152|0x0000000714200000, 0x0000000714400000, 0x0000000714400000|100%| S|CS|TAMS 0x0000000714200000| PB 0x0000000714200000| Complete |  0
| 153|0x0000000714400000, 0x0000000714600000, 0x0000000714600000|100%| S|CS|TAMS 0x0000000714400000| PB 0x0000000714400000| Complete |  0
| 154|0x0000000714600000, 0x0000000714800000, 0x0000000714800000|100%| S|CS|TAMS 0x0000000714600000| PB 0x0000000714600000| Complete |  0
| 155|0x0000000714800000, 0x0000000714800000, 0x0000000714a00000|  0%| F|  |TAMS 0x0000000714800000| PB 0x0000000714800000| Untracked |  0
| 156|0x0000000714a00000, 0x0000000714a00000, 0x0000000714c00000|  0%| F|  |TAMS 0x0000000714a00000| PB 0x0000000714a00000| Untracked |  0
| 157|0x0000000714c00000, 0x0000000714c00000, 0x0000000714e00000|  0%| F|  |TAMS 0x0000000714c00000| PB 0x0000000714c00000| Untracked |  0
| 158|0x0000000714e00000, 0x0000000714e00000, 0x0000000715000000|  0%| F|  |TAMS 0x0000000714e00000| PB 0x0000000714e00000| Untracked |  0
| 159|0x0000000715000000, 0x0000000715000000, 0x0000000715200000|  0%| F|  |TAMS 0x0000000715000000| PB 0x0000000715000000| Untracked |  0
| 160|0x0000000715200000, 0x0000000715200000, 0x0000000715400000|  0%| F|  |TAMS 0x0000000715200000| PB 0x0000000715200000| Untracked |  0
| 161|0x0000000715400000, 0x0000000715400000, 0x0000000715600000|  0%| F|  |TAMS 0x0000000715400000| PB 0x0000000715400000| Untracked |  0
| 162|0x0000000715600000, 0x0000000715600000, 0x0000000715800000|  0%| F|  |TAMS 0x0000000715600000| PB 0x0000000715600000| Untracked |  0
| 163|0x0000000715800000, 0x0000000715800000, 0x0000000715a00000|  0%| F|  |TAMS 0x0000000715800000| PB 0x0000000715800000| Untracked |  0
| 164|0x0000000715a00000, 0x0000000715a00000, 0x0000000715c00000|  0%| F|  |TAMS 0x0000000715a00000| PB 0x0000000715a00000| Untracked |  0
| 165|0x0000000715c00000, 0x0000000715c00000, 0x0000000715e00000|  0%| F|  |TAMS 0x0000000715c00000| PB 0x0000000715c00000| Untracked |  0
| 166|0x0000000715e00000, 0x0000000715e00000, 0x0000000716000000|  0%| F|  |TAMS 0x0000000715e00000| PB 0x0000000715e00000| Untracked |  0
| 167|0x0000000716000000, 0x0000000716000000, 0x0000000716200000|  0%| F|  |TAMS 0x0000000716000000| PB 0x0000000716000000| Untracked |  0
| 168|0x0000000716200000, 0x0000000716200000, 0x0000000716400000|  0%| F|  |TAMS 0x0000000716200000| PB 0x0000000716200000| Untracked |  0
| 169|0x0000000716400000, 0x0000000716400000, 0x0000000716600000|  0%| F|  |TAMS 0x0000000716400000| PB 0x0000000716400000| Untracked |  0
| 170|0x0000000716600000, 0x0000000716600000, 0x0000000716800000|  0%| F|  |TAMS 0x0000000716600000| PB 0x0000000716600000| Untracked |  0
| 171|0x0000000716800000, 0x0000000716800000, 0x0000000716a00000|  0%| F|  |TAMS 0x0000000716800000| PB 0x0000000716800000| Untracked |  0
| 172|0x0000000716a00000, 0x0000000716a00000, 0x0000000716c00000|  0%| F|  |TAMS 0x0000000716a00000| PB 0x0000000716a00000| Untracked |  0
| 173|0x0000000716c00000, 0x0000000716c00000, 0x0000000716e00000|  0%| F|  |TAMS 0x0000000716c00000| PB 0x0000000716c00000| Untracked |  0
| 174|0x0000000716e00000, 0x0000000716e00000, 0x0000000717000000|  0%| F|  |TAMS 0x0000000716e00000| PB 0x0000000716e00000| Untracked |  0
| 175|0x0000000717000000, 0x0000000717000000, 0x0000000717200000|  0%| F|  |TAMS 0x0000000717000000| PB 0x0000000717000000| Untracked |  0
| 176|0x0000000717200000, 0x0000000717200000, 0x0000000717400000|  0%| F|  |TAMS 0x0000000717200000| PB 0x0000000717200000| Untracked |  0
| 177|0x0000000717400000, 0x0000000717400000, 0x0000000717600000|  0%| F|  |TAMS 0x0000000717400000| PB 0x0000000717400000| Untracked |  0
| 178|0x0000000717600000, 0x0000000717600000, 0x0000000717800000|  0%| F|  |TAMS 0x0000000717600000| PB 0x0000000717600000| Untracked |  0
| 179|0x0000000717800000, 0x0000000717800000, 0x0000000717a00000|  0%| F|  |TAMS 0x0000000717800000| PB 0x0000000717800000| Untracked |  0
| 180|0x0000000717a00000, 0x0000000717a00000, 0x0000000717c00000|  0%| F|  |TAMS 0x0000000717a00000| PB 0x0000000717a00000| Untracked |  0
| 181|0x0000000717c00000, 0x0000000717c00000, 0x0000000717e00000|  0%| F|  |TAMS 0x0000000717c00000| PB 0x0000000717c00000| Untracked |  0
| 182|0x0000000717e00000, 0x0000000717e00000, 0x0000000718000000|  0%| F|  |TAMS 0x0000000717e00000| PB 0x0000000717e00000| Untracked |  0
| 183|0x0000000718000000, 0x0000000718000000, 0x0000000718200000|  0%| F|  |TAMS 0x0000000718000000| PB 0x0000000718000000| Untracked |  0
| 184|0x0000000718200000, 0x0000000718200000, 0x0000000718400000|  0%| F|  |TAMS 0x0000000718200000| PB 0x0000000718200000| Untracked |  0
| 185|0x0000000718400000, 0x0000000718400000, 0x0000000718600000|  0%| F|  |TAMS 0x0000000718400000| PB 0x0000000718400000| Untracked |  0
| 186|0x0000000718600000, 0x0000000718600000, 0x0000000718800000|  0%| F|  |TAMS 0x0000000718600000| PB 0x0000000718600000| Untracked |  0
| 187|0x0000000718800000, 0x0000000718800000, 0x0000000718a00000|  0%| F|  |TAMS 0x0000000718800000| PB 0x0000000718800000| Untracked |  0
| 188|0x0000000718a00000, 0x0000000718a00000, 0x0000000718c00000|  0%| F|  |TAMS 0x0000000718a00000| PB 0x0000000718a00000| Untracked |  0
| 189|0x0000000718c00000, 0x0000000718c00000, 0x0000000718e00000|  0%| F|  |TAMS 0x0000000718c00000| PB 0x0000000718c00000| Untracked |  0
| 190|0x0000000718e00000, 0x0000000718e00000, 0x0000000719000000|  0%| F|  |TAMS 0x0000000718e00000| PB 0x0000000718e00000| Untracked |  0
| 191|0x0000000719000000, 0x0000000719000000, 0x0000000719200000|  0%| F|  |TAMS 0x0000000719000000| PB 0x0000000719000000| Untracked |  0
| 192|0x0000000719200000, 0x0000000719200000, 0x0000000719400000|  0%| F|  |TAMS 0x0000000719200000| PB 0x0000000719200000| Untracked |  0
| 193|0x0000000719400000, 0x0000000719400000, 0x0000000719600000|  0%| F|  |TAMS 0x0000000719400000| PB 0x0000000719400000| Untracked |  0
| 194|0x0000000719600000, 0x0000000719600000, 0x0000000719800000|  0%| F|  |TAMS 0x0000000719600000| PB 0x0000000719600000| Untracked |  0
| 195|0x0000000719800000, 0x0000000719800000, 0x0000000719a00000|  0%| F|  |TAMS 0x0000000719800000| PB 0x0000000719800000| Untracked |  0
| 196|0x0000000719a00000, 0x0000000719a00000, 0x0000000719c00000|  0%| F|  |TAMS 0x0000000719a00000| PB 0x0000000719a00000| Untracked |  0
| 197|0x0000000719c00000, 0x0000000719c00000, 0x0000000719e00000|  0%| F|  |TAMS 0x0000000719c00000| PB 0x0000000719c00000| Untracked |  0
| 198|0x0000000719e00000, 0x0000000719e00000, 0x000000071a000000|  0%| F|  |TAMS 0x0000000719e00000| PB 0x0000000719e00000| Untracked |  0
| 199|0x000000071a000000, 0x000000071a000000, 0x000000071a200000|  0%| F|  |TAMS 0x000000071a000000| PB 0x000000071a000000| Untracked |  0
| 200|0x000000071a200000, 0x000000071a200000, 0x000000071a400000|  0%| F|  |TAMS 0x000000071a200000| PB 0x000000071a200000| Untracked |  0
| 201|0x000000071a400000, 0x000000071a400000, 0x000000071a600000|  0%| F|  |TAMS 0x000000071a400000| PB 0x000000071a400000| Untracked |  0
| 202|0x000000071a600000, 0x000000071a600000, 0x000000071a800000|  0%| F|  |TAMS 0x000000071a600000| PB 0x000000071a600000| Untracked |  0
| 203|0x000000071a800000, 0x000000071a800000, 0x000000071aa00000|  0%| F|  |TAMS 0x000000071a800000| PB 0x000000071a800000| Untracked |  0
| 204|0x000000071aa00000, 0x000000071aa00000, 0x000000071ac00000|  0%| F|  |TAMS 0x000000071aa00000| PB 0x000000071aa00000| Untracked |  0
| 205|0x000000071ac00000, 0x000000071ac00000, 0x000000071ae00000|  0%| F|  |TAMS 0x000000071ac00000| PB 0x000000071ac00000| Untracked |  0
| 206|0x000000071ae00000, 0x000000071ae00000, 0x000000071b000000|  0%| F|  |TAMS 0x000000071ae00000| PB 0x000000071ae00000| Untracked |  0
| 207|0x000000071b000000, 0x000000071b000000, 0x000000071b200000|  0%| F|  |TAMS 0x000000071b000000| PB 0x000000071b000000| Untracked |  0
| 208|0x000000071b200000, 0x000000071b200000, 0x000000071b400000|  0%| F|  |TAMS 0x000000071b200000| PB 0x000000071b200000| Untracked |  0
| 209|0x000000071b400000, 0x000000071b400000, 0x000000071b600000|  0%| F|  |TAMS 0x000000071b400000| PB 0x000000071b400000| Untracked |  0
| 210|0x000000071b600000, 0x000000071b600000, 0x000000071b800000|  0%| F|  |TAMS 0x000000071b600000| PB 0x000000071b600000| Untracked |  0
| 211|0x000000071b800000, 0x000000071b800000, 0x000000071ba00000|  0%| F|  |TAMS 0x000000071b800000| PB 0x000000071b800000| Untracked |  0
| 212|0x000000071ba00000, 0x000000071ba00000, 0x000000071bc00000|  0%| F|  |TAMS 0x000000071ba00000| PB 0x000000071ba00000| Untracked |  0
| 213|0x000000071bc00000, 0x000000071bc00000, 0x000000071be00000|  0%| F|  |TAMS 0x000000071bc00000| PB 0x000000071bc00000| Untracked |  0
| 214|0x000000071be00000, 0x000000071be00000, 0x000000071c000000|  0%| F|  |TAMS 0x000000071be00000| PB 0x000000071be00000| Untracked |  0
| 215|0x000000071c000000, 0x000000071c000000, 0x000000071c200000|  0%| F|  |TAMS 0x000000071c000000| PB 0x000000071c000000| Untracked |  0
| 216|0x000000071c200000, 0x000000071c200000, 0x000000071c400000|  0%| F|  |TAMS 0x000000071c200000| PB 0x000000071c200000| Untracked |  0
| 217|0x000000071c400000, 0x000000071c400000, 0x000000071c600000|  0%| F|  |TAMS 0x000000071c400000| PB 0x000000071c400000| Untracked |  0
| 218|0x000000071c600000, 0x000000071c600000, 0x000000071c800000|  0%| F|  |TAMS 0x000000071c600000| PB 0x000000071c600000| Untracked |  0
| 219|0x000000071c800000, 0x000000071c800000, 0x000000071ca00000|  0%| F|  |TAMS 0x000000071c800000| PB 0x000000071c800000| Untracked |  0
| 220|0x000000071ca00000, 0x000000071ca00000, 0x000000071cc00000|  0%| F|  |TAMS 0x000000071ca00000| PB 0x000000071ca00000| Untracked |  0
| 221|0x000000071cc00000, 0x000000071cc00000, 0x000000071ce00000|  0%| F|  |TAMS 0x000000071cc00000| PB 0x000000071cc00000| Untracked |  0
| 222|0x000000071ce00000, 0x000000071ce00000, 0x000000071d000000|  0%| F|  |TAMS 0x000000071ce00000| PB 0x000000071ce00000| Untracked |  0
| 223|0x000000071d000000, 0x000000071d000000, 0x000000071d200000|  0%| F|  |TAMS 0x000000071d000000| PB 0x000000071d000000| Untracked |  0
| 224|0x000000071d200000, 0x000000071d200000, 0x000000071d400000|  0%| F|  |TAMS 0x000000071d200000| PB 0x000000071d200000| Untracked |  0
| 225|0x000000071d400000, 0x000000071d400000, 0x000000071d600000|  0%| F|  |TAMS 0x000000071d400000| PB 0x000000071d400000| Untracked |  0
| 226|0x000000071d600000, 0x000000071d600000, 0x000000071d800000|  0%| F|  |TAMS 0x000000071d600000| PB 0x000000071d600000| Untracked |  0
| 227|0x000000071d800000, 0x000000071d800000, 0x000000071da00000|  0%| F|  |TAMS 0x000000071d800000| PB 0x000000071d800000| Untracked |  0
| 228|0x000000071da00000, 0x000000071da00000, 0x000000071dc00000|  0%| F|  |TAMS 0x000000071da00000| PB 0x000000071da00000| Untracked |  0
| 229|0x000000071dc00000, 0x000000071dc00000, 0x000000071de00000|  0%| F|  |TAMS 0x000000071dc00000| PB 0x000000071dc00000| Untracked |  0
| 230|0x000000071de00000, 0x000000071de00000, 0x000000071e000000|  0%| F|  |TAMS 0x000000071de00000| PB 0x000000071de00000| Untracked |  0
| 231|0x000000071e000000, 0x000000071e000000, 0x000000071e200000|  0%| F|  |TAMS 0x000000071e000000| PB 0x000000071e000000| Untracked |  0
| 232|0x000000071e200000, 0x000000071e200000, 0x000000071e400000|  0%| F|  |TAMS 0x000000071e200000| PB 0x000000071e200000| Untracked |  0
| 233|0x000000071e400000, 0x000000071e600000, 0x000000071e600000|100%| E|  |TAMS 0x000000071e400000| PB 0x000000071e400000| Complete |  0
| 234|0x000000071e600000, 0x000000071e800000, 0x000000071e800000|100%| E|CS|TAMS 0x000000071e600000| PB 0x000000071e600000| Complete |  0
| 235|0x000000071e800000, 0x000000071ea00000, 0x000000071ea00000|100%| E|CS|TAMS 0x000000071e800000| PB 0x000000071e800000| Complete |  0
| 236|0x000000071ea00000, 0x000000071ec00000, 0x000000071ec00000|100%| E|CS|TAMS 0x000000071ea00000| PB 0x000000071ea00000| Complete |  0
| 237|0x000000071ec00000, 0x000000071ee00000, 0x000000071ee00000|100%| E|CS|TAMS 0x000000071ec00000| PB 0x000000071ec00000| Complete |  0
| 238|0x000000071ee00000, 0x000000071f000000, 0x000000071f000000|100%| E|CS|TAMS 0x000000071ee00000| PB 0x000000071ee00000| Complete |  0
| 239|0x000000071f000000, 0x000000071f200000, 0x000000071f200000|100%| E|CS|TAMS 0x000000071f000000| PB 0x000000071f000000| Complete |  0
| 240|0x000000071f200000, 0x000000071f400000, 0x000000071f400000|100%| E|CS|TAMS 0x000000071f200000| PB 0x000000071f200000| Complete |  0
| 241|0x000000071f400000, 0x000000071f600000, 0x000000071f600000|100%| E|CS|TAMS 0x000000071f400000| PB 0x000000071f400000| Complete |  0
| 242|0x000000071f600000, 0x000000071f800000, 0x000000071f800000|100%| E|CS|TAMS 0x000000071f600000| PB 0x000000071f600000| Complete |  0
| 243|0x000000071f800000, 0x000000071fa00000, 0x000000071fa00000|100%| E|CS|TAMS 0x000000071f800000| PB 0x000000071f800000| Complete |  0
| 244|0x000000071fa00000, 0x000000071fc00000, 0x000000071fc00000|100%| E|CS|TAMS 0x000000071fa00000| PB 0x000000071fa00000| Complete |  0
| 245|0x000000071fc00000, 0x000000071fe00000, 0x000000071fe00000|100%| E|CS|TAMS 0x000000071fc00000| PB 0x000000071fc00000| Complete |  0
| 246|0x000000071fe00000, 0x0000000720000000, 0x0000000720000000|100%| E|CS|TAMS 0x000000071fe00000| PB 0x000000071fe00000| Complete |  0
| 247|0x0000000720000000, 0x0000000720200000, 0x0000000720200000|100%| E|CS|TAMS 0x0000000720000000| PB 0x0000000720000000| Complete |  0
| 248|0x0000000720200000, 0x0000000720400000, 0x0000000720400000|100%| E|CS|TAMS 0x0000000720200000| PB 0x0000000720200000| Complete |  0
| 249|0x0000000720400000, 0x0000000720600000, 0x0000000720600000|100%| E|CS|TAMS 0x0000000720400000| PB 0x0000000720400000| Complete |  0
| 250|0x0000000720600000, 0x0000000720800000, 0x0000000720800000|100%| E|CS|TAMS 0x0000000720600000| PB 0x0000000720600000| Complete |  0
| 251|0x0000000720800000, 0x0000000720a00000, 0x0000000720a00000|100%| E|CS|TAMS 0x0000000720800000| PB 0x0000000720800000| Complete |  0
| 252|0x0000000720a00000, 0x0000000720c00000, 0x0000000720c00000|100%| E|CS|TAMS 0x0000000720a00000| PB 0x0000000720a00000| Complete |  0
| 253|0x0000000720c00000, 0x0000000720e00000, 0x0000000720e00000|100%| E|CS|TAMS 0x0000000720c00000| PB 0x0000000720c00000| Complete |  0
| 254|0x0000000720e00000, 0x0000000721000000, 0x0000000721000000|100%| E|CS|TAMS 0x0000000720e00000| PB 0x0000000720e00000| Complete |  0
| 255|0x0000000721000000, 0x0000000721200000, 0x0000000721200000|100%| E|CS|TAMS 0x0000000721000000| PB 0x0000000721000000| Complete |  0
| 256|0x0000000721200000, 0x0000000721400000, 0x0000000721400000|100%| E|CS|TAMS 0x0000000721200000| PB 0x0000000721200000| Complete |  0
| 257|0x0000000721400000, 0x0000000721600000, 0x0000000721600000|100%| E|CS|TAMS 0x0000000721400000| PB 0x0000000721400000| Complete |  0
| 258|0x0000000721600000, 0x0000000721800000, 0x0000000721800000|100%| E|CS|TAMS 0x0000000721600000| PB 0x0000000721600000| Complete |  0
| 259|0x0000000721800000, 0x0000000721a00000, 0x0000000721a00000|100%| E|CS|TAMS 0x0000000721800000| PB 0x0000000721800000| Complete |  0
| 260|0x0000000721a00000, 0x0000000721c00000, 0x0000000721c00000|100%| E|CS|TAMS 0x0000000721a00000| PB 0x0000000721a00000| Complete |  0
| 261|0x0000000721c00000, 0x0000000721e00000, 0x0000000721e00000|100%| E|CS|TAMS 0x0000000721c00000| PB 0x0000000721c00000| Complete |  0
| 262|0x0000000721e00000, 0x0000000722000000, 0x0000000722000000|100%| E|CS|TAMS 0x0000000721e00000| PB 0x0000000721e00000| Complete |  0
| 263|0x0000000722000000, 0x0000000722200000, 0x0000000722200000|100%| E|CS|TAMS 0x0000000722000000| PB 0x0000000722000000| Complete |  0
| 264|0x0000000722200000, 0x0000000722400000, 0x0000000722400000|100%| E|CS|TAMS 0x0000000722200000| PB 0x0000000722200000| Complete |  0
| 265|0x0000000722400000, 0x0000000722600000, 0x0000000722600000|100%| E|CS|TAMS 0x0000000722400000| PB 0x0000000722400000| Complete |  0
| 266|0x0000000722600000, 0x0000000722800000, 0x0000000722800000|100%| E|CS|TAMS 0x0000000722600000| PB 0x0000000722600000| Complete |  0
| 267|0x0000000722800000, 0x0000000722a00000, 0x0000000722a00000|100%| E|CS|TAMS 0x0000000722800000| PB 0x0000000722800000| Complete |  0
| 268|0x0000000722a00000, 0x0000000722c00000, 0x0000000722c00000|100%| E|CS|TAMS 0x0000000722a00000| PB 0x0000000722a00000| Complete |  0
| 269|0x0000000722c00000, 0x0000000722e00000, 0x0000000722e00000|100%| E|CS|TAMS 0x0000000722c00000| PB 0x0000000722c00000| Complete |  0
| 270|0x0000000722e00000, 0x0000000723000000, 0x0000000723000000|100%| E|CS|TAMS 0x0000000722e00000| PB 0x0000000722e00000| Complete |  0
| 271|0x0000000723000000, 0x0000000723200000, 0x0000000723200000|100%| E|CS|TAMS 0x0000000723000000| PB 0x0000000723000000| Complete |  0
| 272|0x0000000723200000, 0x0000000723400000, 0x0000000723400000|100%| E|CS|TAMS 0x0000000723200000| PB 0x0000000723200000| Complete |  0
| 273|0x0000000723400000, 0x0000000723600000, 0x0000000723600000|100%| E|CS|TAMS 0x0000000723400000| PB 0x0000000723400000| Complete |  0
| 274|0x0000000723600000, 0x0000000723800000, 0x0000000723800000|100%| E|CS|TAMS 0x0000000723600000| PB 0x0000000723600000| Complete |  0
| 275|0x0000000723800000, 0x0000000723a00000, 0x0000000723a00000|100%| E|CS|TAMS 0x0000000723800000| PB 0x0000000723800000| Complete |  0
| 276|0x0000000723a00000, 0x0000000723c00000, 0x0000000723c00000|100%| E|CS|TAMS 0x0000000723a00000| PB 0x0000000723a00000| Complete |  0
| 277|0x0000000723c00000, 0x0000000723e00000, 0x0000000723e00000|100%| E|CS|TAMS 0x0000000723c00000| PB 0x0000000723c00000| Complete |  0
| 278|0x0000000723e00000, 0x0000000724000000, 0x0000000724000000|100%| E|CS|TAMS 0x0000000723e00000| PB 0x0000000723e00000| Complete |  0
| 279|0x0000000724000000, 0x0000000724200000, 0x0000000724200000|100%| E|CS|TAMS 0x0000000724000000| PB 0x0000000724000000| Complete |  0
| 280|0x0000000724200000, 0x0000000724400000, 0x0000000724400000|100%| E|CS|TAMS 0x0000000724200000| PB 0x0000000724200000| Complete |  0
| 281|0x0000000724400000, 0x0000000724600000, 0x0000000724600000|100%| E|CS|TAMS 0x0000000724400000| PB 0x0000000724400000| Complete |  0
| 282|0x0000000724600000, 0x0000000724800000, 0x0000000724800000|100%| E|CS|TAMS 0x0000000724600000| PB 0x0000000724600000| Complete |  0
| 283|0x0000000724800000, 0x0000000724a00000, 0x0000000724a00000|100%| E|CS|TAMS 0x0000000724800000| PB 0x0000000724800000| Complete |  0
| 284|0x0000000724a00000, 0x0000000724c00000, 0x0000000724c00000|100%| E|CS|TAMS 0x0000000724a00000| PB 0x0000000724a00000| Complete |  0
| 285|0x0000000724c00000, 0x0000000724e00000, 0x0000000724e00000|100%| E|CS|TAMS 0x0000000724c00000| PB 0x0000000724c00000| Complete |  0
| 286|0x0000000724e00000, 0x0000000725000000, 0x0000000725000000|100%| E|CS|TAMS 0x0000000724e00000| PB 0x0000000724e00000| Complete |  0
| 287|0x0000000725000000, 0x0000000725200000, 0x0000000725200000|100%| E|CS|TAMS 0x0000000725000000| PB 0x0000000725000000| Complete |  0
| 288|0x0000000725200000, 0x0000000725400000, 0x0000000725400000|100%| E|CS|TAMS 0x0000000725200000| PB 0x0000000725200000| Complete |  0
| 289|0x0000000725400000, 0x0000000725600000, 0x0000000725600000|100%| E|CS|TAMS 0x0000000725400000| PB 0x0000000725400000| Complete |  0
| 290|0x0000000725600000, 0x0000000725800000, 0x0000000725800000|100%| E|CS|TAMS 0x0000000725600000| PB 0x0000000725600000| Complete |  0
| 291|0x0000000725800000, 0x0000000725a00000, 0x0000000725a00000|100%| E|CS|TAMS 0x0000000725800000| PB 0x0000000725800000| Complete |  0
| 292|0x0000000725a00000, 0x0000000725c00000, 0x0000000725c00000|100%| E|CS|TAMS 0x0000000725a00000| PB 0x0000000725a00000| Complete |  0
| 293|0x0000000725c00000, 0x0000000725e00000, 0x0000000725e00000|100%| E|CS|TAMS 0x0000000725c00000| PB 0x0000000725c00000| Complete |  0
| 294|0x0000000725e00000, 0x0000000726000000, 0x0000000726000000|100%| E|CS|TAMS 0x0000000725e00000| PB 0x0000000725e00000| Complete |  0
| 295|0x0000000726000000, 0x0000000726200000, 0x0000000726200000|100%| E|CS|TAMS 0x0000000726000000| PB 0x0000000726000000| Complete |  0
| 296|0x0000000726200000, 0x0000000726400000, 0x0000000726400000|100%| E|CS|TAMS 0x0000000726200000| PB 0x0000000726200000| Complete |  0
| 297|0x0000000726400000, 0x0000000726600000, 0x0000000726600000|100%| E|CS|TAMS 0x0000000726400000| PB 0x0000000726400000| Complete |  0
| 298|0x0000000726600000, 0x0000000726800000, 0x0000000726800000|100%| E|CS|TAMS 0x0000000726600000| PB 0x0000000726600000| Complete |  0
| 299|0x0000000726800000, 0x0000000726a00000, 0x0000000726a00000|100%| E|CS|TAMS 0x0000000726800000| PB 0x0000000726800000| Complete |  0
| 300|0x0000000726a00000, 0x0000000726c00000, 0x0000000726c00000|100%| E|CS|TAMS 0x0000000726a00000| PB 0x0000000726a00000| Complete |  0
| 301|0x0000000726c00000, 0x0000000726e00000, 0x0000000726e00000|100%| E|CS|TAMS 0x0000000726c00000| PB 0x0000000726c00000| Complete |  0
| 302|0x0000000726e00000, 0x0000000727000000, 0x0000000727000000|100%| E|CS|TAMS 0x0000000726e00000| PB 0x0000000726e00000| Complete |  0
| 303|0x0000000727000000, 0x0000000727200000, 0x0000000727200000|100%| E|CS|TAMS 0x0000000727000000| PB 0x0000000727000000| Complete |  0
| 304|0x0000000727200000, 0x0000000727400000, 0x0000000727400000|100%| E|CS|TAMS 0x0000000727200000| PB 0x0000000727200000| Complete |  0
| 305|0x0000000727400000, 0x0000000727600000, 0x0000000727600000|100%| E|CS|TAMS 0x0000000727400000| PB 0x0000000727400000| Complete |  0
| 306|0x0000000727600000, 0x0000000727800000, 0x0000000727800000|100%| E|CS|TAMS 0x0000000727600000| PB 0x0000000727600000| Complete |  0
| 307|0x0000000727800000, 0x0000000727a00000, 0x0000000727a00000|100%| E|CS|TAMS 0x0000000727800000| PB 0x0000000727800000| Complete |  0
| 308|0x0000000727a00000, 0x0000000727c00000, 0x0000000727c00000|100%| E|CS|TAMS 0x0000000727a00000| PB 0x0000000727a00000| Complete |  0
| 309|0x0000000727c00000, 0x0000000727e00000, 0x0000000727e00000|100%| E|CS|TAMS 0x0000000727c00000| PB 0x0000000727c00000| Complete |  0
| 310|0x0000000727e00000, 0x0000000728000000, 0x0000000728000000|100%| E|CS|TAMS 0x0000000727e00000| PB 0x0000000727e00000| Complete |  0
| 311|0x0000000728000000, 0x0000000728200000, 0x0000000728200000|100%| E|CS|TAMS 0x0000000728000000| PB 0x0000000728000000| Complete |  0
| 312|0x0000000728200000, 0x0000000728400000, 0x0000000728400000|100%| E|CS|TAMS 0x0000000728200000| PB 0x0000000728200000| Complete |  0
| 313|0x0000000728400000, 0x0000000728600000, 0x0000000728600000|100%| E|CS|TAMS 0x0000000728400000| PB 0x0000000728400000| Complete |  0
| 314|0x0000000728600000, 0x0000000728800000, 0x0000000728800000|100%| E|CS|TAMS 0x0000000728600000| PB 0x0000000728600000| Complete |  0
| 315|0x0000000728800000, 0x0000000728a00000, 0x0000000728a00000|100%| E|CS|TAMS 0x0000000728800000| PB 0x0000000728800000| Complete |  0
| 316|0x0000000728a00000, 0x0000000728c00000, 0x0000000728c00000|100%| E|CS|TAMS 0x0000000728a00000| PB 0x0000000728a00000| Complete |  0
| 317|0x0000000728c00000, 0x0000000728e00000, 0x0000000728e00000|100%| E|CS|TAMS 0x0000000728c00000| PB 0x0000000728c00000| Complete |  0
| 318|0x0000000728e00000, 0x0000000729000000, 0x0000000729000000|100%| E|CS|TAMS 0x0000000728e00000| PB 0x0000000728e00000| Complete |  0
| 319|0x0000000729000000, 0x0000000729200000, 0x0000000729200000|100%| E|CS|TAMS 0x0000000729000000| PB 0x0000000729000000| Complete |  0
| 320|0x0000000729200000, 0x0000000729400000, 0x0000000729400000|100%| E|CS|TAMS 0x0000000729200000| PB 0x0000000729200000| Complete |  0
| 321|0x0000000729400000, 0x0000000729600000, 0x0000000729600000|100%| E|CS|TAMS 0x0000000729400000| PB 0x0000000729400000| Complete |  0
| 322|0x0000000729600000, 0x0000000729800000, 0x0000000729800000|100%| E|CS|TAMS 0x0000000729600000| PB 0x0000000729600000| Complete |  0
| 323|0x0000000729800000, 0x0000000729a00000, 0x0000000729a00000|100%| E|CS|TAMS 0x0000000729800000| PB 0x0000000729800000| Complete |  0
| 324|0x0000000729a00000, 0x0000000729c00000, 0x0000000729c00000|100%| E|CS|TAMS 0x0000000729a00000| PB 0x0000000729a00000| Complete |  0
| 325|0x0000000729c00000, 0x0000000729e00000, 0x0000000729e00000|100%| E|CS|TAMS 0x0000000729c00000| PB 0x0000000729c00000| Complete |  0
| 326|0x0000000729e00000, 0x000000072a000000, 0x000000072a000000|100%| E|CS|TAMS 0x0000000729e00000| PB 0x0000000729e00000| Complete |  0
| 327|0x000000072a000000, 0x000000072a200000, 0x000000072a200000|100%| E|CS|TAMS 0x000000072a000000| PB 0x000000072a000000| Complete |  0
| 328|0x000000072a200000, 0x000000072a400000, 0x000000072a400000|100%| E|CS|TAMS 0x000000072a200000| PB 0x000000072a200000| Complete |  0
| 329|0x000000072a400000, 0x000000072a600000, 0x000000072a600000|100%| E|CS|TAMS 0x000000072a400000| PB 0x000000072a400000| Complete |  0
| 330|0x000000072a600000, 0x000000072a800000, 0x000000072a800000|100%| E|CS|TAMS 0x000000072a600000| PB 0x000000072a600000| Complete |  0
| 331|0x000000072a800000, 0x000000072aa00000, 0x000000072aa00000|100%| E|CS|TAMS 0x000000072a800000| PB 0x000000072a800000| Complete |  0
| 332|0x000000072aa00000, 0x000000072ac00000, 0x000000072ac00000|100%| E|CS|TAMS 0x000000072aa00000| PB 0x000000072aa00000| Complete |  0
| 333|0x000000072ac00000, 0x000000072ae00000, 0x000000072ae00000|100%| E|CS|TAMS 0x000000072ac00000| PB 0x000000072ac00000| Complete |  0
| 334|0x000000072ae00000, 0x000000072b000000, 0x000000072b000000|100%| E|CS|TAMS 0x000000072ae00000| PB 0x000000072ae00000| Complete |  0
| 335|0x000000072b000000, 0x000000072b200000, 0x000000072b200000|100%| E|CS|TAMS 0x000000072b000000| PB 0x000000072b000000| Complete |  0
| 336|0x000000072b200000, 0x000000072b400000, 0x000000072b400000|100%| E|CS|TAMS 0x000000072b200000| PB 0x000000072b200000| Complete |  0
| 337|0x000000072b400000, 0x000000072b600000, 0x000000072b600000|100%| E|CS|TAMS 0x000000072b400000| PB 0x000000072b400000| Complete |  0
| 338|0x000000072b600000, 0x000000072b800000, 0x000000072b800000|100%| E|CS|TAMS 0x000000072b600000| PB 0x000000072b600000| Complete |  0
| 339|0x000000072b800000, 0x000000072ba00000, 0x000000072ba00000|100%| E|CS|TAMS 0x000000072b800000| PB 0x000000072b800000| Complete |  0
| 340|0x000000072ba00000, 0x000000072bc00000, 0x000000072bc00000|100%| E|CS|TAMS 0x000000072ba00000| PB 0x000000072ba00000| Complete |  0
| 341|0x000000072bc00000, 0x000000072be00000, 0x000000072be00000|100%| E|CS|TAMS 0x000000072bc00000| PB 0x000000072bc00000| Complete |  0
| 342|0x000000072be00000, 0x000000072c000000, 0x000000072c000000|100%| E|CS|TAMS 0x000000072be00000| PB 0x000000072be00000| Complete |  0
| 343|0x000000072c000000, 0x000000072c200000, 0x000000072c200000|100%| E|CS|TAMS 0x000000072c000000| PB 0x000000072c000000| Complete |  0
| 344|0x000000072c200000, 0x000000072c400000, 0x000000072c400000|100%| E|CS|TAMS 0x000000072c200000| PB 0x000000072c200000| Complete |  0
| 345|0x000000072c400000, 0x000000072c600000, 0x000000072c600000|100%| E|CS|TAMS 0x000000072c400000| PB 0x000000072c400000| Complete |  0
| 346|0x000000072c600000, 0x000000072c800000, 0x000000072c800000|100%| E|CS|TAMS 0x000000072c600000| PB 0x000000072c600000| Complete |  0
| 347|0x000000072c800000, 0x000000072ca00000, 0x000000072ca00000|100%| E|CS|TAMS 0x000000072c800000| PB 0x000000072c800000| Complete |  0
| 348|0x000000072ca00000, 0x000000072cc00000, 0x000000072cc00000|100%| E|CS|TAMS 0x000000072ca00000| PB 0x000000072ca00000| Complete |  0
| 349|0x000000072cc00000, 0x000000072ce00000, 0x000000072ce00000|100%| E|CS|TAMS 0x000000072cc00000| PB 0x000000072cc00000| Complete |  0
|2035|0x00000007ff800000, 0x00000007ffa00000, 0x00000007ffa00000|100%| O|  |TAMS 0x00000007ff800000| PB 0x00000007ff800000| Untracked |  0
|2036|0x00000007ffa00000, 0x00000007ffc00000, 0x00000007ffc00000|100%| E|CS|TAMS 0x00000007ffa00000| PB 0x00000007ffa00000| Complete |  0
|2037|0x00000007ffc00000, 0x00000007ffe00000, 0x00000007ffe00000|100%| O|  |TAMS 0x00000007ffc00000| PB 0x00000007ffc00000| Untracked |  0
|2038|0x00000007ffe00000, 0x0000000800000000, 0x0000000800000000|100%| O|  |TAMS 0x00000007ffe00000| PB 0x00000007ffe00000| Untracked |  0

Card table byte_map: [0x00000238ff600000,0x00000238ffe00000] _byte_map_base: 0x00000238fbdf7000

Marking Bits: (CMBitMap*) 0x00000238ec41ae90
 Bits: [0x0000023880000000, 0x0000023883fb8000)

Polling page: 0x00000238ea240000

Metaspace:
Metaspace        used 98194K, committed 98560K, reserved 1179648K
 class space     used 10543K, committed 10688K, reserved 1048576K

Usage:
  Non-class:     85.60 MB used.
      Class:     10.30 MB used.
       Both:     95.89 MB used.

Virtual space:
  Non-class space:      128.00 MB reserved,      85.81 MB ( 67%) committed,  2 nodes.
      Class space:        1.00 GB reserved,      10.44 MB (  1%) committed,  1 nodes.
             Both:        1.12 GB reserved,      96.25 MB (  8%) committed. 

Chunk freelists:
   Non-Class:  9.58 MB
       Class:  5.45 MB
        Both:  15.03 MB

MaxMetaspaceSize: unlimited
CompressedClassSpaceSize: 1.00 GB
Initial GC threshold: 21.00 MB
Current GC threshold: 160.31 MB
CDS: off
 - commit_granule_bytes: 65536.
 - commit_granule_words: 8192.
 - virtual_space_node_default_size: 8388608.
 - enlarge_chunks_in_place: 1.
UseCompressedClassPointers 1, UseCompactObjectHeaders 0
Narrow klass pointer bits 32, Max shift 3
Narrow klass base: 0x0000000000000000, Narrow klass shift: 0
Encoding Range: [0x0000000000000000 - 0x0000000100000000), (4294967296 bytes)
Klass Range:    [0x000000008d000000 - 0x00000000cd000000), (1073741824 bytes)
Klass ID Range:  [2365587456 - 3439329273) (1073741817)
No protection zone.


Internal statistics:

num_allocs_failed_limit: 3.
num_arena_births: 446.
num_arena_deaths: 0.
num_vsnodes_births: 3.
num_vsnodes_deaths: 0.
num_space_committed: 1537.
num_space_uncommitted: 0.
num_chunks_returned_to_freelist: 3.
num_chunks_taken_from_freelist: 3611.
num_chunk_merges: 3.
num_chunk_splits: 2962.
num_chunks_enlarged: 2634.
num_inconsistent_stats: 0.

CodeHeap 'non-profiled nmethods': size=120064Kb used=10136Kb max_used=11533Kb free=109927Kb
 bounds [0x00000238f7370000, 0x00000238f7ed0000, 0x00000238fe8b0000]
CodeHeap 'profiled nmethods': size=120000Kb used=48860Kb max_used=61003Kb free=71139Kb
 bounds [0x00000238ef8b0000, 0x00000238f3450000, 0x00000238f6de0000]
CodeHeap 'non-nmethods': size=5696Kb used=1774Kb max_used=1891Kb free=3921Kb
 bounds [0x00000238f6de0000, 0x00000238f7050000, 0x00000238f7370000]
CodeCache: size=245760Kb, used=60770Kb, max_used=74427Kb, free=184987Kb
 total_blobs=19481, nmethods=18609, adapters=768, full_count=0
Compilation: enabled, stopped_count=0, restarted_count=0

Compilation events (20 events):
Event: 23.930 Thread 0x00000238919a5150 nmethod 27194 0x00000238f7462b88 code [0x00000238f7462c80, 0x00000238f7467010]
Event: 23.930 Thread 0x00000238919a5150 27245       4       org.jetbrains.kotlin.codegen.optimization.DeadCodeEliminationMethodTransformer::transform (116 bytes)
Event: 23.952 Thread 0x0000023886b3acc0 27256       2       org.jetbrains.kotlin.codegen.coroutines.CoroutineTransformerMethodVisitor::spillVariables$index (6 bytes)
Event: 23.952 Thread 0x0000023886b3acc0 nmethod 27256 0x00000238f045b888 code [0x00000238f045b980, 0x00000238f045bb10]
Event: 23.952 Thread 0x0000023886b3acc0 27258       2       org.jetbrains.kotlin.codegen.AbstractClassBuilder::getThisName (37 bytes)
Event: 23.952 Thread 0x0000023886b3acc0 nmethod 27258 0x00000238f045e308 code [0x00000238f045e400, 0x00000238f045e538]
Event: 23.952 Thread 0x0000023886b3acc0 27259       2       org.jetbrains.org.objectweb.asm.tree.InsnList::insertBefore (86 bytes)
Event: 23.953 Thread 0x0000023886b3acc0 nmethod 27259 0x00000238f0d55d88 code [0x00000238f0d55e80, 0x00000238f0d56260]
Event: 23.953 Thread 0x0000023886b3acc0 27257       1       org.jetbrains.kotlin.codegen.coroutines.SpillableVariable::getFieldName (5 bytes)
Event: 23.953 Thread 0x0000023886b3acc0 nmethod 27257 0x00000238f75beb08 code [0x00000238f75bec00, 0x00000238f75becc8]
Event: 23.953 Thread 0x0000023886b3acc0 27260       1       org.jetbrains.kotlin.codegen.coroutines.SuspensionPoint::getUnboxInlineClassInstructions (5 bytes)
Event: 23.953 Thread 0x0000023886b3acc0 nmethod 27260 0x00000238f75c3388 code [0x00000238f75c3480, 0x00000238f75c3548]
Event: 23.957 Thread 0x0000023886b3acc0 27261       2       kotlin.collections.CollectionsKt___CollectionsKt::last (75 bytes)
Event: 23.958 Thread 0x0000023886b3acc0 nmethod 27261 0x00000238f08d9608 code [0x00000238f08d9700, 0x00000238f08d9ca8]
Event: 23.968 Thread 0x0000023886b3acc0 27262       3       org.jetbrains.kotlin.codegen.optimization.common.ProperTrackedReferenceValue::equals (35 bytes)
Event: 23.969 Thread 0x0000023886b3acc0 nmethod 27262 0x00000238efb77e88 code [0x00000238efb77f80, 0x00000238efb78458]
Event: 23.969 Thread 0x0000023886b3acc0 27263       3       org.jetbrains.kotlin.codegen.optimization.CapturedVarsOptimizationMethodTransformer$Transformer$Interpreter::newOperation (67 bytes)
Event: 23.969 Thread 0x0000023886b3acc0 nmethod 27263 0x00000238f07a6088 code [0x00000238f07a6180, 0x00000238f07a7830]
Event: 23.969 Thread 0x0000023886b3acc0 27266       1       org.jetbrains.kotlin.codegen.optimization.common.ProperTrackedReferenceValue::getDescriptor (5 bytes)
Event: 23.969 Thread 0x0000023886b3acc0 nmethod 27266 0x00000238f75c4908 code [0x00000238f75c4a00, 0x00000238f75c4ac8]

GC Heap Usage History (20 events):
Event: 20.066 {heap Before GC invocations=34 (full 0):
 garbage-first heap   total reserved 4175872K, committed 393216K, used 351648K [0x0000000701200000, 0x0000000800000000)
  region size 2048K, 61 young (124928K), 6 survivors (12288K)
}
Event: 20.072 {heap After GC invocations=35 (full 0):
 garbage-first heap   total reserved 4175872K, committed 393216K, used 240176K [0x0000000701200000, 0x0000000800000000)
  region size 2048K, 6 young (12288K), 6 survivors (12288K)
}
Event: 20.327 {heap Before GC invocations=35 (full 0):
 garbage-first heap   total reserved 4175872K, committed 393216K, used 354864K [0x0000000701200000, 0x0000000800000000)
  region size 2048K, 62 young (126976K), 6 survivors (12288K)
}
Event: 20.334 {heap After GC invocations=36 (full 0):
 garbage-first heap   total reserved 4175872K, committed 393216K, used 249068K [0x0000000701200000, 0x0000000800000000)
  region size 2048K, 8 young (16384K), 8 survivors (16384K)
}
Event: 20.810 {heap Before GC invocations=37 (full 0):
 garbage-first heap   total reserved 4175872K, committed 417792K, used 357612K [0x0000000701200000, 0x0000000800000000)
  region size 2048K, 61 young (124928K), 8 survivors (16384K)
}
Event: 20.820 {heap After GC invocations=38 (full 0):
 garbage-first heap   total reserved 4175872K, committed 417792K, used 253946K [0x0000000701200000, 0x0000000800000000)
  region size 2048K, 4 young (8192K), 4 survivors (8192K)
}
Event: 20.952 {heap Before GC invocations=38 (full 0):
 garbage-first heap   total reserved 4175872K, committed 417792K, used 378874K [0x0000000701200000, 0x0000000800000000)
  region size 2048K, 65 young (133120K), 4 survivors (8192K)
}
Event: 20.963 {heap After GC invocations=39 (full 0):
 garbage-first heap   total reserved 4175872K, committed 417792K, used 261518K [0x0000000701200000, 0x0000000800000000)
  region size 2048K, 9 young (18432K), 9 survivors (18432K)
}
Event: 21.265 {heap Before GC invocations=39 (full 0):
 garbage-first heap   total reserved 4175872K, committed 417792K, used 378254K [0x0000000701200000, 0x0000000800000000)
  region size 2048K, 66 young (135168K), 9 survivors (18432K)
}
Event: 21.275 {heap After GC invocations=40 (full 0):
 garbage-first heap   total reserved 4175872K, committed 417792K, used 266237K [0x0000000701200000, 0x0000000800000000)
  region size 2048K, 4 young (8192K), 4 survivors (8192K)
}
Event: 21.766 {heap Before GC invocations=41 (full 0):
 garbage-first heap   total reserved 4175872K, committed 448512K, used 380925K [0x0000000701200000, 0x0000000800000000)
  region size 2048K, 60 young (122880K), 4 survivors (8192K)
}
Event: 21.769 {heap After GC invocations=42 (full 0):
 garbage-first heap   total reserved 4175872K, committed 448512K, used 270637K [0x0000000701200000, 0x0000000800000000)
  region size 2048K, 6 young (12288K), 6 survivors (12288K)
}
Event: 21.911 {heap Before GC invocations=42 (full 0):
 garbage-first heap   total reserved 4175872K, committed 448512K, used 409901K [0x0000000701200000, 0x0000000800000000)
  region size 2048K, 74 young (151552K), 6 survivors (12288K)
}
Event: 21.922 {heap After GC invocations=43 (full 0):
 garbage-first heap   total reserved 4175872K, committed 448512K, used 277221K [0x0000000701200000, 0x0000000800000000)
  region size 2048K, 8 young (16384K), 8 survivors (16384K)
}
Event: 22.200 {heap Before GC invocations=43 (full 0):
 garbage-first heap   total reserved 4175872K, committed 448512K, used 410341K [0x0000000701200000, 0x0000000800000000)
  region size 2048K, 73 young (149504K), 8 survivors (16384K)
}
Event: 22.211 {heap After GC invocations=44 (full 0):
 garbage-first heap   total reserved 4175872K, committed 448512K, used 287188K [0x0000000701200000, 0x0000000800000000)
  region size 2048K, 10 young (20480K), 10 survivors (20480K)
}
Event: 22.635 {heap Before GC invocations=45 (full 0):
 garbage-first heap   total reserved 4175872K, committed 481280K, used 412116K [0x0000000701200000, 0x0000000800000000)
  region size 2048K, 71 young (145408K), 10 survivors (20480K)
}
Event: 22.644 {heap After GC invocations=46 (full 0):
 garbage-first heap   total reserved 4175872K, committed 481280K, used 293544K [0x0000000701200000, 0x0000000800000000)
  region size 2048K, 4 young (8192K), 4 survivors (8192K)
}
Event: 22.969 {heap Before GC invocations=46 (full 0):
 garbage-first heap   total reserved 4175872K, committed 481280K, used 443048K [0x0000000701200000, 0x0000000800000000)
  region size 2048K, 77 young (157696K), 4 survivors (8192K)
}
Event: 22.974 {heap After GC invocations=47 (full 0):
 garbage-first heap   total reserved 4175872K, committed 724992K, used 296901K [0x0000000701200000, 0x0000000800000000)
  region size 2048K, 6 young (12288K), 6 survivors (12288K)
}

Metaspace Usage History (20 events):
Event: 20.066 {metaspace Before GC invocations=34 (full 0):
 Metaspace       used 97563K, committed 97984K, reserved 1179648K
  class space    used 10516K, committed 10688K, reserved 1048576K
}
Event: 20.072 {metaspace After GC invocations=35 (full 0):
 Metaspace       used 97563K, committed 97984K, reserved 1179648K
  class space    used 10516K, committed 10688K, reserved 1048576K
}
Event: 20.327 {metaspace Before GC invocations=35 (full 0):
 Metaspace       used 97733K, committed 98176K, reserved 1179648K
  class space    used 10524K, committed 10688K, reserved 1048576K
}
Event: 20.334 {metaspace After GC invocations=36 (full 0):
 Metaspace       used 97733K, committed 98176K, reserved 1179648K
  class space    used 10524K, committed 10688K, reserved 1048576K
}
Event: 20.810 {metaspace Before GC invocations=37 (full 0):
 Metaspace       used 97816K, committed 98240K, reserved 1179648K
  class space    used 10525K, committed 10688K, reserved 1048576K
}
Event: 20.820 {metaspace After GC invocations=38 (full 0):
 Metaspace       used 97816K, committed 98240K, reserved 1179648K
  class space    used 10525K, committed 10688K, reserved 1048576K
}
Event: 20.952 {metaspace Before GC invocations=38 (full 0):
 Metaspace       used 97819K, committed 98240K, reserved 1179648K
  class space    used 10525K, committed 10688K, reserved 1048576K
}
Event: 20.963 {metaspace After GC invocations=39 (full 0):
 Metaspace       used 97819K, committed 98240K, reserved 1179648K
  class space    used 10525K, committed 10688K, reserved 1048576K
}
Event: 21.265 {metaspace Before GC invocations=39 (full 0):
 Metaspace       used 97853K, committed 98240K, reserved 1179648K
  class space    used 10526K, committed 10688K, reserved 1048576K
}
Event: 21.275 {metaspace After GC invocations=40 (full 0):
 Metaspace       used 97853K, committed 98240K, reserved 1179648K
  class space    used 10526K, committed 10688K, reserved 1048576K
}
Event: 21.766 {metaspace Before GC invocations=41 (full 0):
 Metaspace       used 98051K, committed 98432K, reserved 1179648K
  class space    used 10541K, committed 10688K, reserved 1048576K
}
Event: 21.769 {metaspace After GC invocations=42 (full 0):
 Metaspace       used 98051K, committed 98432K, reserved 1179648K
  class space    used 10541K, committed 10688K, reserved 1048576K
}
Event: 21.911 {metaspace Before GC invocations=42 (full 0):
 Metaspace       used 98057K, committed 98432K, reserved 1179648K
  class space    used 10541K, committed 10688K, reserved 1048576K
}
Event: 21.922 {metaspace After GC invocations=43 (full 0):
 Metaspace       used 98057K, committed 98432K, reserved 1179648K
  class space    used 10541K, committed 10688K, reserved 1048576K
}
Event: 22.200 {metaspace Before GC invocations=43 (full 0):
 Metaspace       used 98077K, committed 98496K, reserved 1179648K
  class space    used 10541K, committed 10688K, reserved 1048576K
}
Event: 22.211 {metaspace After GC invocations=44 (full 0):
 Metaspace       used 98077K, committed 98496K, reserved 1179648K
  class space    used 10541K, committed 10688K, reserved 1048576K
}
Event: 22.635 {metaspace Before GC invocations=45 (full 0):
 Metaspace       used 98102K, committed 98496K, reserved 1179648K
  class space    used 10542K, committed 10688K, reserved 1048576K
}
Event: 22.644 {metaspace After GC invocations=46 (full 0):
 Metaspace       used 98102K, committed 98496K, reserved 1179648K
  class space    used 10542K, committed 10688K, reserved 1048576K
}
Event: 22.969 {metaspace Before GC invocations=46 (full 0):
 Metaspace       used 98150K, committed 98560K, reserved 1179648K
  class space    used 10542K, committed 10688K, reserved 1048576K
}
Event: 22.974 {metaspace After GC invocations=47 (full 0):
 Metaspace       used 98150K, committed 98560K, reserved 1179648K
  class space    used 10542K, committed 10688K, reserved 1048576K
}

Dll operation events (3 events):
Event: 0.004 Loaded shared library C:\Program Files\Android\Android Studio\jbr\bin\java.dll
Event: 0.007 Loaded shared library C:\Program Files\Android\Android Studio\jbr\bin\zip.dll
Event: 1.133 Loaded shared library C:\Program Files\Android\Android Studio\jbr\bin\verify.dll

Deoptimization events (20 events):
Event: 23.863 Thread 0x00000238ea0de5b0 Uncommon trap: trap_request=0xffffffd6 fr.pc=0x00000238f750479c relative=0x0000000000002d1c
Event: 23.863 Thread 0x00000238ea0de5b0 Uncommon trap: reason=array_check action=maybe_recompile pc=0x00000238f750479c method=org.jetbrains.kotlin.codegen.optimization.common.InstructionLivenessAnalyzer.computeExceptionHandlersForEachInsn(Lorg/jetbrains/org/objectweb/asm/tree/MethodNode;)V @ 14
Event: 23.863 Thread 0x00000238ea0de5b0 DEOPT PACKING pc=0x00000238f750479c sp=0x00000042abefd740
Event: 23.863 Thread 0x00000238ea0de5b0 DEOPT UNPACKING pc=0x00000238f6ef8582 sp=0x00000042abefd5e0 mode 2
Event: 23.968 Thread 0x00000238ea0de5b0 Uncommon trap: trap_request=0xffffffde fr.pc=0x00000238f7535d5c relative=0x00000000000007dc
Event: 23.968 Thread 0x00000238ea0de5b0 Uncommon trap: reason=class_check action=maybe_recompile pc=0x00000238f7535d5c method=org.jetbrains.kotlin.codegen.optimization.common.ReferenceTrackingInterpreter.merge(Lorg/jetbrains/org/objectweb/asm/tree/analysis/BasicValue;Lorg/jetbrains/org/objectwe
Event: 23.968 Thread 0x00000238ea0de5b0 DEOPT PACKING pc=0x00000238f7535d5c sp=0x00000042abefb790
Event: 23.968 Thread 0x00000238ea0de5b0 DEOPT UNPACKING pc=0x00000238f6ef8582 sp=0x00000042abefb6e8 mode 2
Event: 23.969 Thread 0x00000238ea0de5b0 Uncommon trap: trap_request=0xffffffde fr.pc=0x00000238f7535d5c relative=0x00000000000007dc
Event: 23.969 Thread 0x00000238ea0de5b0 Uncommon trap: reason=class_check action=maybe_recompile pc=0x00000238f7535d5c method=org.jetbrains.kotlin.codegen.optimization.common.ReferenceTrackingInterpreter.merge(Lorg/jetbrains/org/objectweb/asm/tree/analysis/BasicValue;Lorg/jetbrains/org/objectwe
Event: 23.969 Thread 0x00000238ea0de5b0 DEOPT PACKING pc=0x00000238f7535d5c sp=0x00000042abefb720
Event: 23.969 Thread 0x00000238ea0de5b0 DEOPT UNPACKING pc=0x00000238f6ef8582 sp=0x00000042abefb678 mode 2
Event: 23.969 Thread 0x00000238ea0de5b0 Uncommon trap: trap_request=0xffffffde fr.pc=0x00000238f7535d5c relative=0x00000000000007dc
Event: 23.969 Thread 0x00000238ea0de5b0 Uncommon trap: reason=class_check action=maybe_recompile pc=0x00000238f7535d5c method=org.jetbrains.kotlin.codegen.optimization.common.ReferenceTrackingInterpreter.merge(Lorg/jetbrains/org/objectweb/asm/tree/analysis/BasicValue;Lorg/jetbrains/org/objectwe
Event: 23.969 Thread 0x00000238ea0de5b0 DEOPT PACKING pc=0x00000238f7535d5c sp=0x00000042abefb720
Event: 23.969 Thread 0x00000238ea0de5b0 DEOPT UNPACKING pc=0x00000238f6ef8582 sp=0x00000042abefb678 mode 2
Event: 23.969 Thread 0x00000238ea0de5b0 Uncommon trap: trap_request=0xffffffde fr.pc=0x00000238f79a63dc relative=0x000000000000075c
Event: 23.969 Thread 0x00000238ea0de5b0 Uncommon trap: reason=class_check action=maybe_recompile pc=0x00000238f79a63dc method=org.jetbrains.kotlin.codegen.optimization.common.ReferenceTrackingInterpreter.merge(Lorg/jetbrains/org/objectweb/asm/tree/analysis/BasicValue;Lorg/jetbrains/org/objectwe
Event: 23.969 Thread 0x00000238ea0de5b0 DEOPT PACKING pc=0x00000238f79a63dc sp=0x00000042abefb690
Event: 23.969 Thread 0x00000238ea0de5b0 DEOPT UNPACKING pc=0x00000238f6ef8582 sp=0x00000042abefb670 mode 2

Classes loaded (20 events):
Event: 16.760 Loading class sun/security/jca/GetInstance$Instance
Event: 16.761 Loading class sun/security/jca/GetInstance$Instance done
Event: 16.761 Loading class java/security/MessageDigest$Delegate
Event: 16.761 Loading class sun/security/util/MessageDigestSpi2
Event: 16.761 Loading class sun/security/util/MessageDigestSpi2 done
Event: 16.761 Loading class java/security/MessageDigest$Delegate done
Event: 16.761 Loading class java/security/MessageDigest$Delegate$CloneableDelegate
Event: 16.761 Loading class java/security/MessageDigest$Delegate$CloneableDelegate done
Event: 16.761 Loading class sun/security/provider/ByteArrayAccess
Event: 16.761 Loading class sun/security/provider/ByteArrayAccess done
Event: 16.761 Loading class sun/security/provider/ByteArrayAccess$LE
Event: 16.761 Loading class sun/security/provider/ByteArrayAccess$LE done
Event: 16.761 Loading class java/util/Base64
Event: 16.761 Loading class java/util/Base64 done
Event: 16.761 Loading class java/util/Base64$Encoder
Event: 16.761 Loading class java/util/Base64$Encoder done
Event: 18.296 Loading class java/lang/TypeNotPresentException
Event: 18.296 Loading class java/lang/TypeNotPresentException done
Event: 18.364 Loading class java/util/Vector$Itr
Event: 18.364 Loading class java/util/Vector$Itr done

Classes unloaded (0 events):
No events

Classes redefined (0 events):
No events

Internal exceptions (20 events):
Event: 16.634 Thread 0x00000238ea0de5b0 Implicit null exception at 0x00000238f7c978ad to 0x00000238f7c97974
Event: 16.680 Thread 0x00000238ea0de5b0 Exception <a 'java/lang/NoSuchMethodError'{0x0000000715efb970}: 'int java.lang.invoke.DirectMethodHandle$Holder.invokeStatic(java.lang.Object, int, java.lang.Object)'> (0x0000000715efb970) 
thrown [s\src\hotspot\share\interpreter\linkResolver.cpp, line 815]
Event: 16.749 Thread 0x00000238ea0de5b0 Exception <a 'java/lang/NoSuchMethodError'{0x0000000715b9ba88}: 'java.lang.Object java.lang.invoke.DirectMethodHandle$Holder.invokeStatic(java.lang.Object, java.lang.Object, java.lang.Object, java.lang.Object, int, java.lang.Object)'> (0x0000000715b9ba88) 
thrown [s\src\hotspot\share\interpreter\linkResolver.cpp, line 815]
Event: 18.349 Thread 0x00000238ea0de5b0 Exception <a 'java/lang/NoSuchMethodError'{0x0000000714879ce8}: 'java.lang.Object java.lang.invoke.DirectMethodHandle$Holder.invokeStatic(java.lang.Object, int, int)'> (0x0000000714879ce8) 
thrown [s\src\hotspot\share\interpreter\linkResolver.cpp, line 815]
Event: 18.421 Thread 0x00000238ea0de5b0 Exception <a 'java/lang/NoSuchMethodError'{0x00000007144d68c8}: 'java.lang.Object java.lang.invoke.DirectMethodHandle$Holder.newInvokeSpecial(java.lang.Object, java.lang.Object, java.lang.Object, java.lang.Object, java.lang.Object, int, java.lang.Object)'> (0x00000007144d68c8) 
thrown [s\src\hotspot\share\interpreter\linkResolver.cpp, line 815]
Event: 18.421 Thread 0x00000238ea0de5b0 Exception <a 'java/lang/NoSuchMethodError'{0x00000007144df368}: 'java.lang.Object java.lang.invoke.DirectMethodHandle$Holder.invokeSpecial(java.lang.Object, java.lang.Object, java.lang.Object, java.lang.Object, java.lang.Object, java.lang.Object, int, java.lang.Object)'> (0x00000007144df368) 
thrown [s\src\hotspot\share\interpreter\linkResolver.cpp, line 815]
Event: 18.421 Thread 0x00000238ea0de5b0 Exception <a 'java/lang/NoSuchMethodError'{0x00000007144e75f8}: 'java.lang.Object java.lang.invoke.Invokers$Holder.linkToTargetMethod(java.lang.Object, java.lang.Object, java.lang.Object, java.lang.Object, int, java.lang.Object, java.lang.Object)'> (0x00000007144e75f8) 
thrown [s\src\hotspot\share\interpreter\linkResolver.cpp, line 815]
Event: 18.577 Thread 0x00000238ea0de5b0 Exception <a 'java/lang/NoSuchMethodError'{0x0000000713a834b0}: 'java.lang.Object java.lang.invoke.DirectMethodHandle$Holder.newInvokeSpecial(java.lang.Object, java.lang.Object, java.lang.Object, java.lang.Object, int, java.lang.Object)'> (0x0000000713a834b0) 
thrown [s\src\hotspot\share\interpreter\linkResolver.cpp, line 815]
Event: 18.577 Thread 0x00000238ea0de5b0 Exception <a 'java/lang/NoSuchMethodError'{0x0000000713a8c490}: 'java.lang.Object java.lang.invoke.DirectMethodHandle$Holder.invokeSpecial(java.lang.Object, java.lang.Object, java.lang.Object, java.lang.Object, java.lang.Object, int, java.lang.Object)'> (0x0000000713a8c490) 
thrown [s\src\hotspot\share\interpreter\linkResolver.cpp, line 815]
Event: 18.578 Thread 0x00000238ea0de5b0 Exception <a 'java/lang/NoSuchMethodError'{0x0000000713a94bd0}: 'java.lang.Object java.lang.invoke.Invokers$Holder.linkToTargetMethod(java.lang.Object, java.lang.Object, java.lang.Object, int, java.lang.Object, java.lang.Object)'> (0x0000000713a94bd0) 
thrown [s\src\hotspot\share\interpreter\linkResolver.cpp, line 815]
Event: 18.769 Thread 0x00000238ea0de5b0 Exception <a 'java/lang/NoSuchMethodError'{0x0000000712fca750}: 'java.lang.Object java.lang.invoke.DirectMethodHandle$Holder.newInvokeSpecial(java.lang.Object, int, int, java.lang.Object)'> (0x0000000712fca750) 
thrown [s\src\hotspot\share\interpreter\linkResolver.cpp, line 815]
Event: 18.769 Thread 0x00000238ea0de5b0 Exception <a 'java/lang/NoSuchMethodError'{0x0000000712fd3228}: 'java.lang.Object java.lang.invoke.DirectMethodHandle$Holder.invokeSpecial(java.lang.Object, java.lang.Object, int, int, java.lang.Object)'> (0x0000000712fd3228) 
thrown [s\src\hotspot\share\interpreter\linkResolver.cpp, line 815]
Event: 18.770 Thread 0x00000238ea0de5b0 Exception <a 'java/lang/NoSuchMethodError'{0x0000000712fe84e8}: 'java.lang.Object java.lang.invoke.DirectMethodHandle$Holder.invokeStatic(java.lang.Object, java.lang.Object, int, int, java.lang.Object)'> (0x0000000712fe84e8) 
thrown [s\src\hotspot\share\interpreter\linkResolver.cpp, line 815]
Event: 18.801 Thread 0x00000238ea0de5b0 Implicit null exception at 0x00000238f7d29b1d to 0x00000238f7d29b54
Event: 18.833 Thread 0x00000238ea0de5b0 Exception <a 'java/lang/NoSuchMethodError'{0x0000000712858b40}: 'java.lang.Object java.lang.invoke.DirectMethodHandle$Holder.invokeStatic(java.lang.Object, java.lang.Object, java.lang.Object, java.lang.Object, java.lang.Object, int)'> (0x0000000712858b40) 
thrown [s\src\hotspot\share\interpreter\linkResolver.cpp, line 815]
Event: 19.016 Thread 0x00000238ea0de5b0 Implicit null exception at 0x00000238f7e41d34 to 0x00000238f7e42e50
Event: 19.755 Thread 0x00000238ea0de5b0 Implicit null exception at 0x00000238f7b3ca9a to 0x00000238f7b4099c
Event: 19.864 Thread 0x00000238ea0de5b0 Exception <a 'java/lang/NoSuchMethodError'{0x00000007150967a0}: 'java.lang.Object java.lang.invoke.DirectMethodHandle$Holder.newInvokeSpecial(java.lang.Object, java.lang.Object, java.lang.Object, int, java.lang.Object)'> (0x00000007150967a0) 
thrown [s\src\hotspot\share\interpreter\linkResolver.cpp, line 815]
Event: 19.864 Thread 0x00000238ea0de5b0 Exception <a 'java/lang/NoSuchMethodError'{0x000000071509f5d8}: 'java.lang.Object java.lang.invoke.DirectMethodHandle$Holder.invokeSpecial(java.lang.Object, java.lang.Object, java.lang.Object, java.lang.Object, int, java.lang.Object)'> (0x000000071509f5d8) 
thrown [s\src\hotspot\share\interpreter\linkResolver.cpp, line 815]
Event: 19.865 Thread 0x00000238ea0de5b0 Exception <a 'java/lang/NoSuchMethodError'{0x00000007150a7c58}: 'java.lang.Object java.lang.invoke.Invokers$Holder.linkToTargetMethod(java.lang.Object, java.lang.Object, int, java.lang.Object, java.lang.Object)'> (0x00000007150a7c58) 
thrown [s\src\hotspot\share\interpreter\linkResolver.cpp, line 815]

VM Operations (20 events):
Event: 21.445 Executing non-safepoint VM operation: HandshakeAllThreads (Deoptimize)
Event: 21.445 Executing non-safepoint VM operation: HandshakeAllThreads (Deoptimize) done
Event: 21.484 Executing safepoint VM operation: G1PauseCleanup
Event: 21.484 Executing safepoint VM operation: G1PauseCleanup done
Event: 21.766 Executing safepoint VM operation: G1CollectForAllocation (G1 Evacuation Pause)
Event: 21.770 Executing safepoint VM operation: G1CollectForAllocation (G1 Evacuation Pause) done
Event: 21.911 Executing safepoint VM operation: G1CollectForAllocation (G1 Evacuation Pause)
Event: 21.922 Executing safepoint VM operation: G1CollectForAllocation (G1 Evacuation Pause) done
Event: 22.200 Executing safepoint VM operation: G1CollectForAllocation (G1 Evacuation Pause)
Event: 22.211 Executing safepoint VM operation: G1CollectForAllocation (G1 Evacuation Pause) done
Event: 22.366 Executing safepoint VM operation: G1PauseRemark
Event: 22.375 Executing safepoint VM operation: G1PauseRemark done
Event: 22.430 Executing safepoint VM operation: G1PauseCleanup
Event: 22.430 Executing safepoint VM operation: G1PauseCleanup done
Event: 22.635 Executing safepoint VM operation: G1CollectForAllocation (G1 Evacuation Pause)
Event: 22.644 Executing safepoint VM operation: G1CollectForAllocation (G1 Evacuation Pause) done
Event: 22.928 Executing non-safepoint VM operation: HandshakeAllThreads (Deoptimize)
Event: 22.928 Executing non-safepoint VM operation: HandshakeAllThreads (Deoptimize) done
Event: 22.969 Executing safepoint VM operation: G1CollectForAllocation (G1 Evacuation Pause)
Event: 22.975 Executing safepoint VM operation: G1CollectForAllocation (G1 Evacuation Pause) done

Memory protections (0 events):
No events

Nmethod flushes (20 events):
Event: 22.373 Thread 0x0000023886ab2870 flushing  nmethod 0x00000238f1110888
Event: 22.373 Thread 0x0000023886ab2870 flushing  nmethod 0x00000238f1111d88
Event: 22.373 Thread 0x0000023886ab2870 flushing  nmethod 0x00000238f1112588
Event: 22.373 Thread 0x0000023886ab2870 flushing  nmethod 0x00000238f11ea708
Event: 22.373 Thread 0x0000023886ab2870 flushing  nmethod 0x00000238f11eb308
Event: 22.373 Thread 0x0000023886ab2870 flushing  nmethod 0x00000238f11ebe88
Event: 22.373 Thread 0x0000023886ab2870 flushing  nmethod 0x00000238f11ec988
Event: 22.373 Thread 0x0000023886ab2870 flushing  nmethod 0x00000238f1244108
Event: 22.373 Thread 0x0000023886ab2870 flushing  nmethod 0x00000238f124ab88
Event: 22.373 Thread 0x0000023886ab2870 flushing  nmethod 0x00000238f12d1e08
Event: 22.373 Thread 0x0000023886ab2870 flushing  nmethod 0x00000238f1394a08
Event: 22.373 Thread 0x0000023886ab2870 flushing  nmethod 0x00000238f1395308
Event: 22.373 Thread 0x0000023886ab2870 flushing  nmethod 0x00000238f2c9c588
Event: 22.373 Thread 0x0000023886ab2870 flushing  nmethod 0x00000238f2f9dd88
Event: 22.373 Thread 0x0000023886ab2870 flushing  nmethod 0x00000238f2f9e408
Event: 22.373 Thread 0x0000023886ab2870 flushing  nmethod 0x00000238f3154e08
Event: 22.373 Thread 0x0000023886ab2870 flushing  nmethod 0x00000238f3159288
Event: 22.373 Thread 0x0000023886ab2870 flushing  nmethod 0x00000238f3159888
Event: 22.373 Thread 0x0000023886ab2870 flushing  nmethod 0x00000238f315b388
Event: 22.373 Thread 0x0000023886ab2870 flushing  nmethod 0x00000238f31dc588

Events (20 events):
Event: 0.053 Thread 0x00000238ea0de5b0 Thread added: 0x000002388b16d800
Event: 0.059 Loaded shared library C:\Program Files\Android\Android Studio\jbr\bin\net.dll
Event: 0.060 Loaded shared library C:\Program Files\Android\Android Studio\jbr\bin\nio.dll
Event: 0.306 Thread 0x0000023886b3acc0 Thread added: 0x000002388b214e40
Event: 0.314 Loaded shared library C:\Program Files\Android\Android Studio\jbr\bin\zip.dll
Event: 0.568 Thread 0x000002388b214e40 Thread exited: 0x000002388b214e40
Event: 0.608 Loaded shared library C:\Program Files\Android\Android Studio\jbr\bin\jimage.dll
Event: 1.170 Thread 0x0000023886b36ff0 Thread added: 0x000002388bfbe130
Event: 1.173 Thread 0x0000023886b3acc0 Thread added: 0x000002388bef3390
Event: 1.635 Thread 0x000002388bef3390 Thread exited: 0x000002388bef3390
Event: 1.755 Thread 0x0000023886b3acc0 Thread added: 0x000002388c585110
Event: 9.107 Thread 0x000002388c585110 Thread exited: 0x000002388c585110
Event: 9.108 Thread 0x000002388bfbe130 Thread exited: 0x000002388bfbe130
Event: 9.113 Thread 0x0000023886b3acc0 Thread added: 0x000002388c0ddfa0
Event: 10.084 Thread 0x000002388c0ddfa0 Thread exited: 0x000002388c0ddfa0
Event: 10.149 Thread 0x0000023886b3acc0 Thread added: 0x000002388c0e07f0
Event: 11.095 Thread 0x000002388c0e07f0 Thread exited: 0x000002388c0e07f0
Event: 11.096 Thread 0x0000023886b3acc0 Thread added: 0x0000023891999ff0
Event: 13.065 Thread 0x0000023891999ff0 Thread exited: 0x0000023891999ff0
Event: 14.081 Thread 0x0000023886b3acc0 Thread added: 0x00000238919a5150


Dynamic libraries:
0x00007ff774ef0000 - 0x00007ff774efa000 	C:\Program Files\Android\Android Studio\jbr\bin\java.exe
0x00007ffdbcd50000 - 0x00007ffdbcf48000 	C:\Windows\SYSTEM32\ntdll.dll
0x00007ffdbcb50000 - 0x00007ffdbcc12000 	C:\Windows\System32\KERNEL32.DLL
0x00007ffdba510000 - 0x00007ffdba806000 	C:\Windows\System32\KERNELBASE.dll
0x00007ffdba9a0000 - 0x00007ffdbaaa0000 	C:\Windows\System32\ucrtbase.dll
0x00007ffda8850000 - 0x00007ffda8866000 	C:\Program Files\Android\Android Studio\jbr\bin\jli.dll
0x00007ffda8ba0000 - 0x00007ffda8bbb000 	C:\Program Files\Android\Android Studio\jbr\bin\VCRUNTIME140.dll
0x00007ffdbb080000 - 0x00007ffdbb221000 	C:\Windows\System32\USER32.dll
0x00007ffdbaaa0000 - 0x00007ffdbaac2000 	C:\Windows\System32\win32u.dll
0x00007ffd9f3a0000 - 0x00007ffd9f63b000 	C:\Windows\WinSxS\amd64_microsoft.windows.common-controls_6595b64144ccf1df_6.0.19041.6456_none_60b8a6cb71f64256\COMCTL32.dll
0x00007ffdbc210000 - 0x00007ffdbc23b000 	C:\Windows\System32\GDI32.dll
0x00007ffdbc110000 - 0x00007ffdbc1ae000 	C:\Windows\System32\msvcrt.dll
0x00007ffdbaad0000 - 0x00007ffdbabe9000 	C:\Windows\System32\gdi32full.dll
0x00007ffdbabf0000 - 0x00007ffdbac8d000 	C:\Windows\System32\msvcp_win.dll
0x00007ffdbb4e0000 - 0x00007ffdbb50f000 	C:\Windows\System32\IMM32.DLL
0x00007ffda9900000 - 0x00007ffda990c000 	C:\Program Files\Android\Android Studio\jbr\bin\vcruntime140_1.dll
0x00007ffd6f4b0000 - 0x00007ffd6f53d000 	C:\Program Files\Android\Android Studio\jbr\bin\msvcp140.dll
0x00007ffd57c60000 - 0x00007ffd58b3a000 	C:\Program Files\Android\Android Studio\jbr\bin\server\jvm.dll
0x00007ffdbbb60000 - 0x00007ffdbbc11000 	C:\Windows\System32\ADVAPI32.dll
0x00007ffdbb580000 - 0x00007ffdbb61f000 	C:\Windows\System32\sechost.dll
0x00007ffdbb230000 - 0x00007ffdbb350000 	C:\Windows\System32\RPCRT4.dll
0x00007ffdba970000 - 0x00007ffdba997000 	C:\Windows\System32\bcrypt.dll
0x00007ffdbcc20000 - 0x00007ffdbcc8b000 	C:\Windows\System32\WS2_32.dll
0x00007ffdb9f50000 - 0x00007ffdb9f9b000 	C:\Windows\SYSTEM32\POWRPROF.dll
0x00007ffdb3480000 - 0x00007ffdb348a000 	C:\Windows\SYSTEM32\VERSION.dll
0x00007ffdb22f0000 - 0x00007ffdb2317000 	C:\Windows\SYSTEM32\WINMM.dll
0x00007ffdb9f30000 - 0x00007ffdb9f42000 	C:\Windows\SYSTEM32\UMPDC.dll
0x00007ffdb8230000 - 0x00007ffdb8242000 	C:\Windows\SYSTEM32\kernel.appcore.dll
0x00007ffda8b90000 - 0x00007ffda8b9a000 	C:\Program Files\Android\Android Studio\jbr\bin\jimage.dll
0x00007ffdaf550000 - 0x00007ffdaf751000 	C:\Windows\SYSTEM32\DBGHELP.DLL
0x00007ffd8a210000 - 0x00007ffd8a244000 	C:\Windows\SYSTEM32\dbgcore.DLL
0x00007ffdbace0000 - 0x00007ffdbad62000 	C:\Windows\System32\bcryptPrimitives.dll
0x00007ffd8c210000 - 0x00007ffd8c22f000 	C:\Program Files\Android\Android Studio\jbr\bin\java.dll
0x00007ffdbb350000 - 0x00007ffdbb47b000 	C:\Windows\System32\ole32.dll
0x00007ffdbbcb0000 - 0x00007ffdbc004000 	C:\Windows\System32\combase.dll
0x00007ffdbc3e0000 - 0x00007ffdbcb50000 	C:\Windows\System32\SHELL32.dll
0x00007ffd8c1f0000 - 0x00007ffd8c207000 	C:\Program Files\Android\Android Studio\jbr\bin\zip.dll
0x00007ffdb8430000 - 0x00007ffdb8bd5000 	C:\Windows\SYSTEM32\windows.storage.dll
0x00007ffdb9c50000 - 0x00007ffdb9c7b000 	C:\Windows\SYSTEM32\Wldp.dll
0x00007ffdbba90000 - 0x00007ffdbbb5d000 	C:\Windows\System32\OLEAUT32.dll
0x00007ffdbafd0000 - 0x00007ffdbb07d000 	C:\Windows\System32\SHCORE.dll
0x00007ffdbb520000 - 0x00007ffdbb57b000 	C:\Windows\System32\shlwapi.dll
0x00007ffdba310000 - 0x00007ffdba334000 	C:\Windows\SYSTEM32\profapi.dll
0x00007ffda8b80000 - 0x00007ffda8b90000 	C:\Program Files\Android\Android Studio\jbr\bin\net.dll
0x00007ffdb9a30000 - 0x00007ffdb9a9a000 	C:\Windows\system32\mswsock.dll
0x00007ffd73540000 - 0x00007ffd73556000 	C:\Program Files\Android\Android Studio\jbr\bin\nio.dll
0x00007ffdaf510000 - 0x00007ffdaf520000 	C:\Program Files\Android\Android Studio\jbr\bin\verify.dll

JVMTI agents: none

dbghelp: loaded successfully - version: 4.0.5 - missing functions: none
symbol engine: initialized successfully - sym options: 0x614 - pdb path: .;C:\Program Files\Android\Android Studio\jbr\bin;C:\Windows\SYSTEM32;C:\Windows\WinSxS\amd64_microsoft.windows.common-controls_6595b64144ccf1df_6.0.19041.6456_none_60b8a6cb71f64256;C:\Program Files\Android\Android Studio\jbr\bin\server

VM Arguments:
java_command: org.jetbrains.kotlin.cli.jvm.K2JVMCompiler @C:\Users\user\Downloads\ScheduleApp\app\build\20260814_15104843286591434031.compiler.options
java_class_path (initial): C:\Users\user\.gradle\caches\modules-2\files-2.1\org.jetbrains.kotlin\kotlin-compiler-embeddable\2.0.0\1de310de3446414381282ffc46c3ed3919a4d1da\kotlin-compiler-embeddable-2.0.0.jar;C:\Users\user\.gradle\caches\modules-2\files-2.1\org.jetbrains.kotlin\kotlin-stdlib\2.0.0\b48df2c4aede9586cc931ead433bc02d6fd7879e\kotlin-stdlib-2.0.0.jar;C:\Users\user\.gradle\caches\modules-2\files-2.1\org.jetbrains.kotlin\kotlin-script-runtime\2.0.0\fdc27dd047d592fa41d2dfa21e7621287a361612\kotlin-script-runtime-2.0.0.jar;C:\Users\user\.gradle\caches\modules-2\files-2.1\org.jetbrains.kotlin\kotlin-reflect\1.6.10\1cbe9c92c12a94eea200d23c2bbaedaf3daf5132\kotlin-reflect-1.6.10.jar;C:\Users\user\.gradle\caches\modules-2\files-2.1\org.jetbrains.kotlin\kotlin-daemon-embeddable\2.0.0\b39c612768614c4428c96ee9c65477181fffe9d\kotlin-daemon-embeddable-2.0.0.jar;C:\Users\user\.gradle\caches\modules-2\files-2.1\org.jetbrains.intellij.deps\trove4j\1.0.20200330\3afb14d5f9ceb459d724e907a21145e8ff394f02\trove4j-1.0.20200330.jar;C:\Users\user\.gradle\caches\modules-2\files-2.1\org.jetbrains\annotations\13.0\919f0dfe192fb4e063e7dacadee7f8bb9a2672a9\annotations-13.0.jar
Launcher Type: SUN_STANDARD

[Global flags]
     intx CICompilerCount                          = 4                                         {product} {ergonomic}
     uint ConcGCThreads                            = 3                                         {product} {ergonomic}
     uint G1ConcRefinementThreads                  = 10                                        {product} {ergonomic}
   size_t G1HeapRegionSize                         = 2097152                                   {product} {ergonomic}
   size_t InitialHeapSize                          = 268435456                                 {product} {ergonomic}
   size_t MarkStackSize                            = 4194304                                   {product} {ergonomic}
   size_t MarkStackSizeMax                         = 536870912                                 {product} {ergonomic}
   size_t MaxHeapSize                              = 4276092928                                {product} {ergonomic}
   size_t MaxNewSize                               = 2564816896                                {product} {ergonomic}
   size_t MinHeapDeltaBytes                        = 2097152                                   {product} {ergonomic}
   size_t MinHeapSize                              = 8388608                                   {product} {ergonomic}
    uintx NonNMethodCodeHeapSize                   = 5832704                                {pd product} {ergonomic}
    uintx NonProfiledCodeHeapSize                  = 122945536                              {pd product} {ergonomic}
    uintx ProfiledCodeHeapSize                     = 122880000                              {pd product} {ergonomic}
    uintx ReservedCodeCacheSize                    = 251658240                              {pd product} {ergonomic}
     bool SegmentedCodeCache                       = true                                      {product} {ergonomic}
   size_t SoftMaxHeapSize                          = 4276092928                             {manageable} {ergonomic}
     bool UseCompressedOops                        = true                           {product lp64_product} {ergonomic}
     bool UseG1GC                                  = true                                      {product} {ergonomic}
     bool UseLargePagesIndividualAllocation        = false                                  {pd product} {ergonomic}

Logging:
Log output configuration:
 #0: stdout all=warning uptime,level,tags foldmultilines=false
 #1: stderr all=off uptime,level,tags foldmultilines=false

Release file:
JAVA_VERSION="25.0.2" 
MODULES="java.base java.compiler java.datatransfer java.xml java.prefs java.desktop java.instrument java.logging java.management java.security.sasl java.naming java.rmi java.management.rmi java.net.http java.scripting java.security.jgss java.transaction.xa java.sql java.sql.rowset java.xml.crypto java.se java.smartcardio jdk.accessibility jdk.internal.jvmstat jdk.attach jdk.charsets jdk.internal.opt jdk.zipfs jdk.compiler jdk.crypto.cryptoki jdk.crypto.ec jdk.dynalink jdk.hotspot.agent jdk.httpserver jdk.internal.ed jdk.internal.le jdk.internal.md jdk.internal.vm.ci jdk.jartool jdk.javadoc jdk.jcmd jdk.jdeps jdk.jdwp.agent jdk.jdi jdk.jfr jdk.jlink jdk.localedata jdk.management jdk.management.agent jdk.management.jfr jdk.naming.dns jdk.naming.rmi jdk.net jdk.sctp jdk.security.auth jdk.security.jgss jdk.unsupported jdk.unsupported.desktop jdk.xml.dom" 
IMPLEMENTOR="JetBrains s.r.o." 
JAVA_RUNTIME_VERSION="25.0.2+-15348964-b329.117" 
LIBC="default" 
OS_ARCH="x86_64" 
OS_NAME="Windows" 
SOURCE=".:git:3cf398e84a39" 

Environment Variables:
JAVA_HOME=C:\Program Files\Android\Android Studio\jbr
PATH=C:/Users/user/.gemini/antigravity-cli/bin;C:\Program Files (x86)\Common Files\Oracle\Java\javapath;C:\Program Files (x86)\Common Files\Intel\Shared Libraries\redist\intel64\compiler;C:\Windows\system32;C:\Windows;C:\Windows\System32\Wbem;C:\Windows\System32\WindowsPowerShell\v1.0\;C:\Windows\System32\OpenSSH\;C:\Program Files\dotnet\;C:\MinGW\bin;C:\MinGW\bin;C:\Program Files\Git\cmd;C:\Program Files\NVIDIA Corporation\NVIDIA App\NvDLISR;C:\Program Files (x86)\NVIDIA Corporation\PhysX\Common;C:\Program Files\nodejs\;C:\Users\user\AppData\Local\agy\bin;C:\Users\user\.local\bin;C:\Users\user\AppData\Local\Programs\Python\Python312\Scripts\;C:\Users\user\AppData\Local\Programs\Python\Python312\;C:\Users\user\AppData\Local\Microsoft\WindowsApps;D:\PyCharm 2021.1.3\bin;;D:\PyCharm Community Edition 2023.3.2\bin;;C:\Users\user\AppData\Local\Muse Hub\lib;C:\Users\user\AppData\Local\Programs\Microsoft VS Code\bin;C:\Users\user\AppData\Local\Microsoft\WinGet\Packages\Genymobile.scrcpy_Microsoft.Winget.Source_8wekyb3d8bbwe\scrcpy-win64-v3.3.4;C:\Users\user\AppData\Roaming\npm;C:\Users\user\AppData\Local\Programs\Ollama
USERNAME=user
OS=Windows_NT
PROCESSOR_IDENTIFIER=AMD64 Family 25 Model 33 Stepping 2, AuthenticAMD
TMP=C:\Users\user\AppData\Local\Temp
TEMP=C:\Users\user\AppData\Local\Temp




Compilation memory statistics disabled.

Periodic native trim disabled

JNI global refs:
JNI global refs: 11, weak refs: 32

JNI global refs memory usage: 835, weak refs: 833

Process memory usage:
Resident Set Size: 831384K (4% of 16699148K total physical memory with 421316K free physical memory)

OOME stack traces (most recent first):
Classloader memory used:
Loader jdk.internal.loader.ClassLoaders$AppClassLoader                                 : 82427 K
Loader bootstrap                                                                       : 12992 K
Loader java.net.URLClassLoader                                                         : 2774 K

---------------  S Y S T E M  ---------------

OS:
 Windows 10 , 64 bit Build 19041 (10.0.19041.5915)
OS uptime: 3 days 17:41 hours
Hyper-V role detected

CPU: total 12 (initial active 12) (12 cores per cpu, 2 threads per core) family 25 model 33 stepping 2 microcode 0x0, cx8, cmov, fxsr, ht, mmx, 3dnowpref, sse, sse2, sse3, ssse3, sse4a, sse4.1, sse4.2, popcnt, lzcnt, tsc, tscinvbit, avx, avx2, aes, erms, clmul, bmi1, bmi2, adx, sha, fma, vzeroupper, clflush, clflushopt, clwb, hv, rdtscp, rdpid, fsrm, f16c, cet_ss
Processor Information for the first 12 processors :
  Max Mhz: 3701, Current Mhz: 3701, Mhz Limit: 3701

Memory: 4k page, system-wide physical 16307M (403M free)
TotalPageFile size 23307M (AvailPageFile size 0M)
current process WorkingSet (physical memory assigned to process): 812M, peak: 825M
current process commit charge ("private bytes"): 1086M, peak: 1100M

vm_info: OpenJDK 64-Bit Server VM (25.0.2+-15348964-b329.117) for windows-amd64 JRE (25.0.2+-15348964-b329.117), built on 2026-05-05T18:25:19Z with MS VC++ 16.10 / 16.11 (VS2019)

END.
